{"type":"FeatureCollection","features":[
{"type":"Feature","geometry":{"type":"Point","coordinates":[3926676.6,3602474.0]},"properties":{"SETL_CODE":13,"שם ישוב":"חצבה","ריכוז":1,"reason":"kalpi point outside all neighborhoods","mismatch_type":"outside","color":"#f25454","style":{"name":"mismatch_style","rules":[{"name":"Mismatch","symbolizers":[{"kind":"Fill","color":"#f25454","opacity":0.5,"outlineColor":"#f25454","outlineWidth":2},{"kind":"Mark","wellKnownName":"circle","color":"#f25454","radius":6,"opacity":0.5,"fillOpacity":0.5,"strokeColor":"#000000","strokeWidth":1},{"kind":"Text","label":"13 outside","color":"#000000","size":10,"haloColor":"#ffffff","haloWidth":1}]}]}}},
{"type":"Feature","geometry":{"type":"Point","coordinates":[3893547.4,3466659.3]},"properties":{"SETL_CODE":21,"שם ישוב":"באר אורה","ריכוז":1,"reason":"kalpi point outside all neighborhoods","mismatch_type":"outside","color":"#5482f2","style":{"name":"mismatch_style","rules":[{"name":"Mismatch","symbolizers":[{"kind":"Fill","color":"#5482f2","opacity":0.5,"outlineColor":"#5482f2","outlineWidth":2},{"kind":"Mark","wellKnownName":"circle","color":"#5482f2","radius":6,"opacity":0.5,"fillOpacity":0.5,"strokeColor":"#000000","strokeWidth":1},{"kind":"Text","label":"21 outside","color":"#000000","size":10,"haloColor":"#ffffff","haloWidth":1}]}]}}},
{"type":"Feature","geometry":{"type":"Point","coordinates":[3893547.4,3466659.3]},"properties":{"SETL_CODE":21,"שם ישוב":"באר אורה","ריכוז":1,"reason":"kalpi point outside all neighborhoods","mismatch_type":"outside","color":"#5482f2","style":{"name":"mismatch_style","rules":[{"name":"Mismatch","symbolizers":[{"kind":"Fill","color":"#5482f2","opacity":0.5,"outlineColor":"#5482f2","outlineWidth":2},{"kind":"Mark","wellKnownName":"circle","color":"#5482f2","radius":6,"opacity":0.5,"fillOpacity":0.5,"strokeColor":"#000000","strokeWidth":1},{"kind":"Text","label":"21 outside","color":"#000000","size":10,"haloColor":"#ffffff","haloWidth":1}]}]}}},
{"type":"Feature","geometry":{"type":"Point","coordinates":[3872461.6,3767728.2]},"properties":{"SETL_CODE":22,"שם ישוב":"מקווה ישראל","ריכוז":1,"reason":"kalpi point outside all neighborhoods","mismatch_type":"outside","color":"#b0f254","style":{"name":"mismatch_style","rules":[{"name":"Mismatch","symbolizers":[{"kind":"Fill","color":"#b0f254","opacity":0.5,"outlineColor":"#b0f254","outlineWidth":2},{"kind":"Mark","wellKnownName":"circle","color":"#b0f254","radius":6,"opacity":0.5,"fillOpacity":0.5,"strokeColor":"#000000","strokeWidth":1},{"kind":"Text","label":"22 outside","color":"#000000","size":10,"haloColor":"#ffffff","haloWidth":1}]}]}}},
{"type":"Feature","geometry":{"type":"Point","coordinates":[3963056.85,3902911.7]},"properties":{"SETL_CODE":29,"שם ישוב":"יסוד המעלה","ריכוז":1,"reason":"no kalpi point for this (settlement, rikuz)","mismatch_type":"mismatch","color":"#f254de","style":{"name":"mismatch_style","rules":[{"name":"Mismatch","symbolizers":[{"kind":"Fill","color":"#f254de","opacity":0.5,"outlineColor":"#f254de","outlineWidth":2},{"kind":"Mark","wellKnownName":"circle","color":"#f254de","radius":6,"opacity":0.5,"fillOpacity":0.5,"strokeColor":"#000000","strokeWidth":1},{"kind":"Text","label":"29 mismatch","color":"#000000","size":10,"haloColor":"#ffffff","haloWidth":1}]}]}}},
{"type":"Feature","geometry":{"type":"Point","coordinates":[3941355.6,3862844.3]},"properties":{"SETL_CODE":49,"שם ישוב":"אילניה","ריכוז":1,"reason":"no kalpi point for this (settlement, rikuz)","mismatch_type":"mismatch","color":"#54f2d7","style":{"name":"mismatch_style","rules":[{"name":"Mismatch","symbolizers":[{"kind":"Fill","color":"#54f2d7","opacity":0.5,"outlineColor":"#54f2d7","outlineWidth":2},{"kind":"Mark","wellKnownName":"circle","color":"#54f2d7","radius":6,"opacity":0.5,"fillOpacity":0.5,"strokeColor":"#000000","strokeWidth":1},{"kind":"Text","label":"49 mismatch","color":"#000000","size":10,"haloColor":"#ffffff","haloWidth":1}]}]}}},
{"type":"Feature","geometry":{"type":"Point","coordinates":[3891071.7,3714540.9]},"properties":{"SETL_CODE":59,"שם ישוב":"נחושה","ריכוז":1,"reason":"kalpi point outside all neighborhoods","mismatch_type":"outside","color":"#f2a954","style":{"name":"mismatch_style","rules":[{"name":"Mismatch","symbolizers":[{"kind":"Fill","color":"#f2a954","opacity":0.5,"outlineColor":"#f2a954","outlineWidth":2},{"kind":"Mark","wellKnownName":"circle","color":"#f2a954","radius":6,"opacity":0.5,"fillOpacity":0.5,"strokeColor":"#000000","strokeWidth":1},{"kind":"Text","label":"59 outside","color":"#000000","size":10,"haloColor":"#ffffff","haloWidth":1}]}]}}},
{"type":"Feature","geometry":{"type":"Point","coordinates":[3891071.7,3714540.9]},"properties":{"SETL_CODE":59,"שם ישוב":"נחושה","ריכוז":1,"reason":"kalpi point outside all neighborhoods","mismatch_type":"outside","color":"#f2a954","style":{"name":"mismatch_style","rules":[{"name":"Mismatch","symbolizers":[{"kind":"Fill","color":"#f2a954","opacity":0.5,"outlineColor":"#f2a954","outlineWidth":2},{"kind":"Mark","wellKnownName":"circle","color":"#f2a954","radius":6,"opacity":0.5,"fillOpacity":0.5,"strokeColor":"#000000","strokeWidth":1},{"kind":"Text","label":"59 outside","color":"#000000","size":10,"haloColor":"#ffffff","haloWidth":1}]}]}}},
{"type":"Feature","geometry":{"type":"Point","coordinates":[3952480.45,3873421.8]},"properties":{"SETL_CODE":65,"שם ישוב":"מגדל","ריכוז":3,"reason":"no kalpi point for this (settlement, rikuz)","mismatch_type":"mismatch","color":"#7c54f2","style":{"name":"mismatch_style","rules":[{"name":"Mismatch","symbolizers":[{"kind":"Fill","color":"#7c54f2","opacity":0.5,"outlineColor":"#7c54f2","outlineWidth":2},{"kind":"Mark","wellKnownName":"circle","color":"#7c54f2","radius":6,"opacity":0.5,"fillOpacity":0.5,"strokeColor":"#000000","strokeWidth":1},{"kind":"Text","label":"65 mismatch","color":"#000000","size":10,"haloColor":"#ffffff","haloWidth":1}]}]}}},
{"type":"Feature","geometry":{"type":"Point","coordinates":[3829746.5999999996,3673471.0]},"properties":{"SETL_CODE":69,"שם ישוב":"ניר עוז","ריכוז":1,"reason":"no kalpi point for this (settlement, rikuz)","mismatch_type":"mismatch","color":"#5bf254","style":{"name":"mismatch_style","rules":[{"name":"Mismatch","symbolizers":[{"kind":"Fill","color":"#5bf254","opacity":0.5,"outlineColor":"#5bf254","outlineWidth":2},{"kind":"Mark","wellKnownName":"circle","color":"#5bf254","radius":6,"opacity":0.5,"fillOpacity":0.5,"strokeColor":"#000000","strokeWidth":1},{"kind":"Text","label":"69 mismatch","color":"#000000","size":10,"haloColor":"#ffffff","haloWidth":1}]}]}}},
{"type":"Feature","geometry":{"type":"Point","coordinates":[3939758.35,3836667.75]},"properties":{"SETL_CODE":82,"שם ישוב":"עין חרוד מאוחד","ריכוז":1,"reason":"no kalpi point for this (settlement, rikuz)","mismatch_type":"mismatch","color":"#f25489","style":{"name":"mismatch_style","rules":[{"name":"Mismatch","symbolizers":[{"kind":"Fill","color":"#f25489","opacity":0.5,"outlineColor":"#f25489","outlineWidth":2},{"kind":"Mark","wellKnownName":"circle","color":"#f25489","radius":6,"opacity":0.5,"fillOpacity":0.5,"strokeColor":"#000000","strokeWidth":1},{"kind":"Text","label":"82 mismatch","color":"#000000","size":10,"haloColor":"#ffffff","haloWidth":1}]}]}}},
{"type":"Feature","geometry":{"type":"Point","coordinates":[3852990.05,3720502.7]},"properties":{"SETL_CODE":107,"שם ישוב":"כפר סילבר","ריכוז":2,"reason":"no kalpi point for this (settlement, rikuz)","mismatch_type":"mismatch","color":"#54b7f2","style":{"name":"mismatch_style","rules":[{"name":"Mismatch","symbolizers":[{"kind":"Fill","color":"#54b7f2","opacity":0.5,"outlineColor":"#54b7f2","outlineWidth":2},{"kind":"Mark","wellKnownName":"circle","color":"#54b7f2","radius":6,"opacity":0.5,"fillOpacity":0.5,"strokeColor":"#000000","strokeWidth":1},{"kind":"Text","label":"107 mismatch","color":"#000000","size":10,"haloColor":"#ffffff","haloWidth":1}]}]}}},
{"type":"Feature","geometry":{"type":"Point","coordinates":[3914935.4166666665,3856142.5666666664]},"properties":{"SETL_CODE":122,"שם ישוב":"רמת ישי","ריכוז":2,"reason":"no kalpi point for this (settlement, rikuz)","mismatch_type":"mismatch","color":"#e5f254","style":{"name":"mismatch_style","rules":[{"name":"Mismatch","symbolizers":[{"kind":"Fill","color":"#e5f254","opacity":0.5,"outlineColor":"#e5f254","outlineWidth":2},{"kind":"Mark","wellKnownName":"circle","color":"#e5f254","radius":6,"opacity":0.5,"fillOpacity":0.5,"strokeColor":"#000000","strokeWidth":1},{"kind":"Text","label":"122 mismatch","color":"#000000","size":10,"haloColor":"#ffffff","haloWidth":1}]}]}}},
{"type":"Feature","geometry":{"type":"Point","coordinates":[3920725.3,3729262.2]},"properties":{"SETL_CODE":127,"שם ישוב":"רמת רחל","ריכוז":1,"reason":"kalpi point outside all neighborhoods","mismatch_type":"outside","color":"#d154f2","style":{"name":"mismatch_style","rules":[{"name":"Mismatch","symbolizers":[{"kind":"Fill","color":"#d154f2","opacity":0.5,"outlineColor":"#d154f2","outlineWidth":2},{"kind":"Mark","wellKnownName":"circle","color":"#d154f2","radius":6,"opacity":0.5,"fillOpacity":0.5,"strokeColor":"#000000","strokeWidth":1},{"kind":"Text","label":"127 outside","color":"#000000","size":10,"haloColor":"#ffffff","haloWidth":1}]}]}}},
{"type":"Feature","geometry":{"type":"Point","coordinates":[3925429.75,3834562.675]},"properties":{"SETL_CODE":141,"שם ישוב":"ברק","ריכוז":1,"reason":"no kalpi point for this (settlement, rikuz)","mismatch_type":"mismatch","color":"#54f2a3","style":{"name":"mismatch_style","rules":[{"name":"Mismatch","symbolizers":[{"kind":"Fill","color":"#54f2a3","opacity":0.5,"outlineColor":"#54f2a3","outlineWidth":2},{"kind":"Mark","wellKnownName":"circle","color":"#54f2a3","radius":6,"opacity":0.5,"fillOpacity":0.5,"strokeColor":"#000000","strokeWidth":1},{"kind":"Text","label":"141 mismatch","color":"#000000","size":10,"haloColor":"#ffffff","haloWidth":1}]}]}}},
{"type":"Feature","geometry":{"type":"Point","coordinates":[3866606.4000000004,3727560.9749999996]},"properties":{"SETL_CODE":155,"שם ישוב":"באר טוביה","ריכוז":3,"reason":"no kalpi point for this (settlement, rikuz)","mismatch_type":"mismatch","color":"#f27554","style":{"name":"mismatch_style","rules":[{"name":"Mismatch","symbolizers":[{"kind":"Fill","color":"#f27554","opacity":0.5,"outlineColor":"#f27554","outlineWidth":2},{"kind":"Mark","wellKnownName":"circle","color":"#f27554","radius":6,"opacity":0.5,"fillOpacity":0.5,"strokeColor":"#000000","strokeWidth":1},{"kind":"Text","label":"155 mismatch","color":"#000000","size":10,"haloColor":"#ffffff","haloWidth":1}]}]}}},
{"type":"Feature","geometry":{"type":"Point","coordinates":[3870345.3,3752206.85]},"properties":{"SETL_CODE":156,"שם ישוב":"עיינות","ריכוז":1,"reason":"no kalpi point for this (settlement, rikuz)","mismatch_type":"mismatch","color":"#5462f2","style":{"name":"mismatch_style","rules":[{"name":"Mismatch","symbolizers":[{"kind":"Fill","color":"#5462f2","opacity":0.5,"outlineColor":"#5462f2","outlineWidth":2},{"kind":"Mark","wellKnownName":"circle","color":"#5462f2","radius":6,"opacity":0.5,"fillOpacity":0.5,"strokeColor":"#000000","strokeWidth":1},{"kind":"Text","label":"156 mismatch","color":"#000000","size":10,"haloColor":"#ffffff","haloWidth":1}]}]}}},
{"type":"Feature","geometry":{"type":"Point","coordinates":[3889039.0,3804983.716666667]},"properties":{"SETL_CODE":168,"שם ישוב":"כפר יונה","ריכוז":22,"reason":"no kalpi point for this (settlement, rikuz)","mismatch_type":"mismatch","color":"#90f254","style":{"name":"mismatch_style","rules":[{"name":"Mismatch","symbolizers":[{"kind":"Fill","color":"#90f254","opacity":0.5,"outlineColor":"#90f254","outlineWidth":2},{"kind":"Mark","wellKnownName":"circle","color":"#90f254","radius":6,"opacity":0.5,"fillOpacity":0.5,"strokeColor":"#000000","strokeWidth":1},{"kind":"Text","label":"168 mismatch","color":"#000000","size":10,"haloColor":"#ffffff","haloWidth":1}]}]}}},
{"type":"Feature","geometry":{"type":"Point","coordinates":[3889039.0,3804983.716666667]},"properties":{"SETL_CODE":168,"שם ישוב":"כפר יונה","ריכוז":23,"reason":"no kalpi point for this (settlement, rikuz)","mismatch_type":"mismatch","color":"#90f254","style":{"name":"mismatch_style","rules":[{"name":"Mismatch","symbolizers":[{"kind":"Fill","color":"#90f254","opacity":0.5,"outlineColor":"#90f254","outlineWidth":2},{"kind":"Mark","wellKnownName":"circle","color":"#90f254","radius":6,"opacity":0.5,"fillOpacity":0.5,"strokeColor":"#000000","strokeWidth":1},{"kind":"Text","label":"168 mismatch","color":"#000000","size":10,"haloColor":"#ffffff","haloWidth":1}]}]}}},
{"type":"Feature","geometry":{"type":"Point","coordinates":[3889039.0,3804983.716666667]},"properties":{"SETL_CODE":168,"שם ישוב":"כפר יונה","ריכוז":25,"reason":"no kalpi point for this (settlement, rikuz)","mismatch_type":"mismatch","color":"#90f254","style":{"name":"mismatch_style","rules":[{"name":"Mismatch","symbolizers":[{"kind":"Fill","color":"#90f254","opacity":0.5,"outlineColor":"#90f254","outlineWidth":2},{"kind":"Mark","wellKnownName":"circle","color":"#90f254","radius":6,"opacity":0.5,"fillOpacity":0.5,"strokeColor":"#000000","strokeWidth":1},{"kind":"Text","label":"168 mismatch","color":"#000000","size":10,"haloColor":"#ffffff","haloWidth":1}]}]}}},
{"type":"Feature","geometry":{"type":"Point","coordinates":[3892247.65,3799297.5]},"properties":{"SETL_CODE":170,"שם ישוב":"כפר יעבץ","ריכוז":1,"reason":"no kalpi point for this (settlement, rikuz)","mismatch_type":"mismatch","color":"#f254be","style":{"name":"mismatch_style","rules":[{"name":"Mismatch","symbolizers":[{"kind":"Fill","color":"#f254be","opacity":0.5,"outlineColor":"#f254be","outlineWidth":2},{"kind":"Mark","wellKnownName":"circle","color":"#f254be","radius":6,"opacity":0.5,"fillOpacity":0.5,"strokeColor":"#000000","strokeWidth":1},{"kind":"Text","label":"170 mismatch","color":"#000000","size":10,"haloColor":"#ffffff","haloWidth":1}]}]}}},
{"type":"Feature","geometry":{"type":"Point","coordinates":[3674840.5,3006754.1]},"properties":{"SETL_CODE":208,"שם ישוב":"מוצא עילית","ריכוז":5,"reason":"kalpi point outside all neighborhoods","mismatch_type":"outside","color":"#54ecf2","style":{"name":"mismatch_style","rules":[{"name":"Mismatch","symbolizers":[{"kind":"Fill","color":"#54ecf2","opacity":0.5,"outlineColor":"#54ecf2","outlineWidth":2},{"kind":"Mark","wellKnownName":"circle","color":"#54ecf2","radius":6,"opacity":0.5,"fillOpacity":0.5,"strokeColor":"#000000","strokeWidth":1},{"kind":"Text","label":"208 outside","color":"#000000","size":10,"haloColor":"#ffffff","haloWidth":1}]}]}}},
{"type":"Feature","geometry":{"type":"Point","coordinates":[3894401.65,3827634.45]},"properties":{"SETL_CODE":213,"שם ישוב":"משמרות","ריכוז":2,"reason":"no kalpi point for this (settlement, rikuz)","mismatch_type":"mismatch","color":"#f2ca54","style":{"name":"mismatch_style","rules":[{"name":"Mismatch","symbolizers":[{"kind":"Fill","color":"#f2ca54","opacity":0.5,"outlineColor":"#f2ca54","outlineWidth":2},{"kind":"Mark","wellKnownName":"circle","color":"#f2ca54","radius":6,"opacity":0.5,"fillOpacity":0.5,"strokeColor":"#000000","strokeWidth":1},{"kind":"Text","label":"213 mismatch","color":"#000000","size":10,"haloColor":"#ffffff","haloWidth":1}]}]}}},
{"type":"Feature","geometry":{"type":"Point","coordinates":[3866200.1,3736657.7]},"properties":{"SETL_CODE":234,"שם ישוב":"ביצרון","ריכוז":2,"reason":"no kalpi point for this (settlement, rikuz)","mismatch_type":"mismatch","color":"#9c54f2","style":{"name":"mismatch_style","rules":[{"name":"Mismatch","symbolizers":[{"kind":"Fill","color":"#9c54f2","opacity":0.5,"outlineColor":"#9c54f2","outlineWidth":2},{"kind":"Mark","wellKnownName":"circle","color":"#9c54f2","radius":6,"opacity":0.5,"fillOpacity":0.5,"strokeColor":"#000000","strokeWidth":1},{"kind":"Text","label":"234 mismatch","color":"#000000","size":10,"haloColor":"#ffffff","haloWidth":1}]}]}}},
{"type":"Feature","geometry":{"type":"Point","coordinates":[3849853.2538461536,3687786.928846154]},"properties":{"SETL_CODE":246,"שם ישוב":"נתיבות","ריכוז":22,"reason":"no kalpi point for this (settlement, rikuz)","mismatch_type":"mismatch","color":"#54f26e","style":{"name":"mismatch_style","rules":[{"name":"Mismatch","symbolizers":[{"kind":"Fill","color":"#54f26e","opacity":0.5,"outlineColor":"#54f26e","outlineWidth":2},{"kind":"Mark","wellKnownName":"circle","color":"#54f26e","radius":6,"opacity":0.5,"fillOpacity":0.5,"strokeColor":"#000000","strokeWidth":1},{"kind":"Text","label":"246 mismatch","color":"#000000","size":10,"haloColor":"#ffffff","haloWidth":1}]}]}}},
{"type":"Feature","geometry":{"type":"Point","coordinates":[3947149.4000000004,3829579.7]},"properties":{"SETL_CODE":256,"שם ישוב":"ניר דוד תל עמל","ריכוז":1,"reason":"no kalpi point for this (settlement, rikuz)","mismatch_type":"mismatch","color":"#f25468","style":{"name":"mismatch_style","rules":[{"name":"Mismatch","symbolizers":[{"kind":"Fill","color":"#f25468","opacity":0.5,"outlineColor":"#f25468","outlineWidth":2},{"kind":"Mark","wellKnownName":"circle","color":"#f25468","radius":6,"opacity":0.5,"fillOpacity":0.5,"strokeColor":"#000000","strokeWidth":1},{"kind":"Text","label":"256 mismatch","color":"#000000","size":10,"haloColor":"#ffffff","haloWidth":1}]}]}}},
{"type":"Feature","geometry":{"type":"Point","coordinates":[3931273.7,3893615.2]},"properties":{"SETL_CODE":281,"שם ישוב":"פקיעין חדשה","ריכוז":1,"reason":"kalpi point outside all neighborhoods","mismatch_type":"outside","color":"#5496f2","style":{"name":"mismatch_style","rules":[{"name":"Mismatch","symbolizers":[{"kind":"Fill","color":"#5496f2","opacity":0.5,"outlineColor":"#5496f2","outlineWidth":2},{"kind":"Mark","wellKnownName":"circle","color":"#5496f2","radius":6,"opacity":0.5,"fillOpacity":0.5,"strokeColor":"#000000","strokeWidth":1},{"kind":"Text","label":"281 outside","color":"#000000","size":10,"haloColor":"#ffffff","haloWidth":1}]}]}}},
{"type":"Feature","geometry":{"type":"Point","coordinates":[3881578.6,3796531.2]},"properties":{"SETL_CODE":287,"שם ישוב":"תל יצחק","ריכוז":2,"reason":"no kalpi point for this (settlement, rikuz)","mismatch_type":"mismatch","color":"#c4f254","style":{"name":"mismatch_style","rules":[{"name":"Mismatch","symbolizers":[{"kind":"Fill","color":"#c4f254","opacity":0.5,"outlineColor":"#c4f254","outlineWidth":2},{"kind":"Mark","wellKnownName":"circle","color":"#c4f254","radius":6,"opacity":0.5,"fillOpacity":0.5,"strokeColor":"#000000","strokeWidth":1},{"kind":"Text","label":"287 mismatch","color":"#000000","size":10,"haloColor":"#ffffff","haloWidth":1}]}]}}},
{"type":"Feature","geometry":{"type":"Point","coordinates":[3674840.5,3006754.1]},"properties":{"SETL_CODE":290,"שם ישוב":"מעין צבי","ריכוז":2,"reason":"kalpi point outside all neighborhoods","mismatch_type":"outside","color":"#f154f2","style":{"name":"mismatch_style","rules":[{"name":"Mismatch","symbolizers":[{"kind":"Fill","color":"#f154f2","opacity":0.5,"outlineColor":"#f154f2","outlineWidth":2},{"kind":"Mark","wellKnownName":"circle","color":"#f154f2","radius":6,"opacity":0.5,"fillOpacity":0.5,"strokeColor":"#000000","strokeWidth":1},{"kind":"Text","label":"290 outside","color":"#000000","size":10,"haloColor":"#ffffff","haloWidth":1}]}]}}},
{"type":"Feature","geometry":{"type":"Point","coordinates":[3881860.7,3799294.1]},"properties":{"SETL_CODE":316,"שם ישוב":"כפר נטר","ריכוז":1,"reason":"kalpi point outside all neighborhoods","mismatch_type":"outside","color":"#54f2c3","style":{"name":"mismatch_style","rules":[{"name":"Mismatch","symbolizers":[{"kind":"Fill","color":"#54f2c3","opacity":0.5,"outlineColor":"#54f2c3","outlineWidth":2},{"kind":"Mark","wellKnownName":"circle","color":"#54f2c3","radius":6,"opacity":0.5,"fillOpacity":0.5,"strokeColor":"#000000","strokeWidth":1},{"kind":"Text","label":"316 outside","color":"#000000","size":10,"haloColor":"#ffffff","haloWidth":1}]}]}}},
{"type":"Feature","geometry":{"type":"Point","coordinates":[3968289.1,3925260.5]},"properties":{"SETL_CODE":324,"שם ישוב":"שאר ישוב","ריכוז":1,"reason":"kalpi point outside all neighborhoods","mismatch_type":"outside","color":"#f29554","style":{"name":"mismatch_style","rules":[{"name":"Mismatch","symbolizers":[{"kind":"Fill","color":"#f29554","opacity":0.5,"outlineColor":"#f29554","outlineWidth":2},{"kind":"Mark","wellKnownName":"circle","color":"#f29554","radius":6,"opacity":0.5,"fillOpacity":0.5,"strokeColor":"#000000","strokeWidth":1},{"kind":"Text","label":"324 outside","color":"#000000","size":10,"haloColor":"#ffffff","haloWidth":1}]}]}}},
{"type":"Feature","geometry":{"type":"Point","coordinates":[3865137.59375,3638474.328125]},"properties":{"SETL_CODE":354,"שם ישוב":"רביבים","ריכוז":2,"reason":"no kalpi point for this (settlement, rikuz)","mismatch_type":"mismatch","color":"#6754f2","style":{"name":"mismatch_style","rules":[{"name":"Mismatch","symbolizers":[{"kind":"Fill","color":"#6754f2","opacity":0.5,"outlineColor":"#6754f2","outlineWidth":2},{"kind":"Mark","wellKnownName":"circle","color":"#6754f2","radius":6,"opacity":0.5,"fillOpacity":0.5,"strokeColor":"#000000","strokeWidth":1},{"kind":"Text","label":"354 mismatch","color":"#000000","size":10,"haloColor":"#ffffff","haloWidth":1}]}]}}},
{"type":"Feature","geometry":{"type":"Point","coordinates":[3957708.6,3908683.75]},"properties":{"SETL_CODE":372,"שם ישוב":"רמות נפתלי","ריכוז":1,"reason":"no kalpi point for this (settlement, rikuz)","mismatch_type":"mismatch","color":"#6ff254","style":{"name":"mismatch_style","rules":[{"name":"Mismatch","symbolizers":[{"kind":"Fill","color":"#6ff254","opacity":0.5,"outlineColor":"#6ff254","outlineWidth":2},{"kind":"Mark","wellKnownName":"circle","color":"#6ff254","radius":6,"opacity":0.5,"fillOpacity":0.5,"strokeColor":"#000000","strokeWidth":1},{"kind":"Text","label":"372 mismatch","color":"#000000","size":10,"haloColor":"#ffffff","haloWidth":1}]}]}}},
{"type":"Feature","geometry":{"type":"Point","coordinates":[3890154.6,3802552.8]},"properties":{"SETL_CODE":379,"שם ישוב":"גאולים","ריכוז":1,"reason":"kalpi point outside all neighborhoods","mismatch_type":"outside","color":"#f2549d","style":{"name":"mismatch_style","rules":[{"name":"Mismatch","symbolizers":[{"kind":"Fill","color":"#f2549d","opacity":0.5,"outlineColor":"#f2549d","outlineWidth":2},{"kind":"Mark","wellKnownName":"circle","color":"#f2549d","radius":6,"opacity":0.5,"fillOpacity":0.5,"strokeColor":"#000000","strokeWidth":1},{"kind":"Text","label":"379 outside","color":"#000000","size":10,"haloColor":"#ffffff","haloWidth":1}]}]}}},
{"type":"Feature","geometry":{"type":"Point","coordinates":[3945951.9,3850965.45]},"properties":{"SETL_CODE":388,"שם ישוב":"כפר קיש","ריכוז":1,"reason":"no kalpi point for this (settlement, rikuz)","mismatch_type":"mismatch","color":"#54cbf2","style":{"name":"mismatch_style","rules":[{"name":"Mismatch","symbolizers":[{"kind":"Fill","color":"#54cbf2","opacity":0.5,"outlineColor":"#54cbf2","outlineWidth":2},{"kind":"Mark","wellKnownName":"circle","color":"#54cbf2","radius":6,"opacity":0.5,"fillOpacity":0.5,"strokeColor":"#000000","strokeWidth":1},{"kind":"Text","label":"388 mismatch","color":"#000000","size":10,"haloColor":"#ffffff","haloWidth":1}]}]}}},
{"type":"Feature","geometry":{"type":"Point","coordinates":[3824651.3499999996,3663584.2]},"properties":{"SETL_CODE":402,"שם ישוב":"ניר יצחק","ריכוז":1,"reason":"no kalpi point for this (settlement, rikuz)","mismatch_type":"mismatch","color":"#f2eb54","style":{"name":"mismatch_style","rules":[{"name":"Mismatch","symbolizers":[{"kind":"Fill","color":"#f2eb54","opacity":0.5,"outlineColor":"#f2eb54","outlineWidth":2},{"kind":"Mark","wellKnownName":"circle","color":"#f2eb54","radius":6,"opacity":0.5,"fillOpacity":0.5,"strokeColor":"#000000","strokeWidth":1},{"kind":"Text","label":"402 mismatch","color":"#000000","size":10,"haloColor":"#ffffff","haloWidth":1}]}]}}},
{"type":"Feature","geometry":{"type":"Point","coordinates":[3879642.1,3798140.3]},"properties":{"SETL_CODE":446,"שם ישוב":"אודים","ריכוז":1,"reason":"no kalpi point for this (settlement, rikuz)","mismatch_type":"mismatch","color":"#bd54f2","style":{"name":"mismatch_style","rules":[{"name":"Mismatch","symbolizers":[{"kind":"Fill","color":"#bd54f2","opacity":0.5,"outlineColor":"#bd54f2","outlineWidth":2},{"kind":"Mark","wellKnownName":"circle","color":"#bd54f2","radius":6,"opacity":0.5,"fillOpacity":0.5,"strokeColor":"#000000","strokeWidth":1},{"kind":"Text","label":"446 mismatch","color":"#000000","size":10,"haloColor":"#ffffff","haloWidth":1}]}]}}},
{"type":"Feature","geometry":{"type":"Point","coordinates":[3913391.0,3890969.0]},"properties":{"SETL_CODE":473,"שם ישוב":"אבו סנאן","ריכוז":6,"reason":"kalpi point outside all neighborhoods","mismatch_type":"outside","color":"#54f28f","style":{"name":"mismatch_style","rules":[{"name":"Mismatch","symbolizers":[{"kind":"Fill","color":"#54f28f","opacity":0.5,"outlineColor":"#54f28f","outlineWidth":2},{"kind":"Mark","wellKnownName":"circle","color":"#54f28f","radius":6,"opacity":0.5,"fillOpacity":0.5,"strokeColor":"#000000","strokeWidth":1},{"kind":"Text","label":"473 outside","color":"#000000","size":10,"haloColor":"#ffffff","haloWidth":1}]}]}}},
{"type":"Feature","geometry":{"type":"Point","coordinates":[3913391.0,3890969.0]},"properties":{"SETL_CODE":473,"שם ישוב":"אבו סנאן","ריכוז":6,"reason":"kalpi point outside all neighborhoods","mismatch_type":"outside","color":"#54f28f","style":{"name":"mismatch_style","rules":[{"name":"Mismatch","symbolizers":[{"kind":"Fill","color":"#54f28f","opacity":0.5,"outlineColor":"#54f28f","outlineWidth":2},{"kind":"Mark","wellKnownName":"circle","color":"#54f28f","radius":6,"opacity":0.5,"fillOpacity":0.5,"strokeColor":"#000000","strokeWidth":1},{"kind":"Text","label":"473 outside","color":"#000000","size":10,"haloColor":"#ffffff","haloWidth":1}]}]}}},
{"type":"Feature","geometry":{"type":"Point","coordinates":[3934301.2,3845168.5]},"properties":{"SETL_CODE":475,"שם ישוב":"דחי","ריכוז":2,"reason":"kalpi point outside all neighborhoods","mismatch_type":"outside","color":"#f26154","style":{"name":"mismatch_style","rules":[{"name":"Mismatch","symbolizers":[{"kind":"Fill","color":"#f26154","opacity":0.5,"outlineColor":"#f26154","outlineWidth":2},{"kind":"Mark","wellKnownName":"circle","color":"#f26154","radius":6,"opacity":0.5,"fillOpacity":0.5,"strokeColor":"#000000","strokeWidth":1},{"kind":"Text","label":"475 outside","color":"#000000","size":10,"haloColor":"#ffffff","haloWidth":1}]}]}}},
{"type":"Feature","geometry":{"type":"Point","coordinates":[3917180.65625,3871959.077083333]},"properties":{"SETL_CODE":529,"שם ישוב":"אעבלין","ריכוז":13,"reason":"no kalpi point for this (settlement, rikuz)","mismatch_type":"mismatch","color":"#5476f2","style":{"name":"mismatch_style","rules":[{"name":"Mismatch","symbolizers":[{"kind":"Fill","color":"#5476f2","opacity":0.5,"outlineColor":"#5476f2","outlineWidth":2},{"kind":"Mark","wellKnownName":"circle","color":"#5476f2","radius":6,"opacity":0.5,"fillOpacity":0.5,"strokeColor":"#000000","strokeWidth":1},{"kind":"Text","label":"529 mismatch","color":"#000000","size":10,"haloColor":"#ffffff","haloWidth":1}]}]}}},
{"type":"Feature","geometry":{"type":"Point","coordinates":[3941161.15,3873358.7]},"properties":{"SETL_CODE":530,"שם ישוב":"עיילבון","ריכוז":2,"reason":"no kalpi point for this (settlement, rikuz)","mismatch_type":"mismatch","color":"#a4f254","style":{"name":"mismatch_style","rules":[{"name":"Mismatch","symbolizers":[{"kind":"Fill","color":"#a4f254","opacity":0.5,"outlineColor":"#a4f254","outlineWidth":2},{"kind":"Mark","wellKnownName":"circle","color":"#a4f254","radius":6,"opacity":0.5,"fillOpacity":0.5,"strokeColor":"#000000","strokeWidth":1},{"kind":"Text","label":"530 mismatch","color":"#000000","size":10,"haloColor":"#ffffff","haloWidth":1}]}]}}},
{"type":"Feature","geometry":{"type":"Point","coordinates":[3941161.15,3873358.7]},"properties":{"SETL_CODE":530,"שם ישוב":"עיילבון","ריכוז":3,"reason":"no kalpi point for this (settlement, rikuz)","mismatch_type":"mismatch","color":"#a4f254","style":{"name":"mismatch_style","rules":[{"name":"Mismatch","symbolizers":[{"kind":"Fill","color":"#a4f254","opacity":0.5,"outlineColor":"#a4f254","outlineWidth":2},{"kind":"Mark","wellKnownName":"circle","color":"#a4f254","radius":6,"opacity":0.5,"fillOpacity":0.5,"strokeColor":"#000000","strokeWidth":1},{"kind":"Text","label":"530 mismatch","color":"#000000","size":10,"haloColor":"#ffffff","haloWidth":1}]}]}}},
{"type":"Feature","geometry":{"type":"Point","coordinates":[3920969.45,3881385.2]},"properties":{"SETL_CODE":538,"שם ישוב":"שעב","ריכוז":8,"reason":"no kalpi point for this (settlement, rikuz)","mismatch_type":"mismatch","color":"#f254d2","style":{"name":"mismatch_style","rules":[{"name":"Mismatch","symbolizers":[{"kind":"Fill","color":"#f254d2","opacity":0.5,"outlineColor":"#f254d2","outlineWidth":2},{"kind":"Mark","wellKnownName":"circle","color":"#f254d2","radius":6,"opacity":0.5,"fillOpacity":0.5,"strokeColor":"#000000","strokeWidth":1},{"kind":"Text","label":"538 mismatch","color":"#000000","size":10,"haloColor":"#ffffff","haloWidth":1}]}]}}},
{"type":"Feature","geometry":{"type":"Point","coordinates":[3863933.35,3754714.0]},"properties":{"SETL_CODE":597,"שם ישוב":"פלמחים","ריכוז":2,"reason":"no kalpi point for this (settlement, rikuz)","mismatch_type":"mismatch","color":"#54f2e4","style":{"name":"mismatch_style","rules":[{"name":"Mismatch","symbolizers":[{"kind":"Fill","color":"#54f2e4","opacity":0.5,"outlineColor":"#54f2e4","outlineWidth":2},{"kind":"Mark","wellKnownName":"circle","color":"#54f2e4","radius":6,"opacity":0.5,"fillOpacity":0.5,"strokeColor":"#000000","strokeWidth":1},{"kind":"Text","label":"597 mismatch","color":"#000000","size":10,"haloColor":"#ffffff","haloWidth":1}]}]}}},
{"type":"Feature","geometry":{"type":"Point","coordinates":[3912621.55,3894464.05]},"properties":{"SETL_CODE":658,"שם ישוב":"שייח דנון","ריכוז":2,"reason":"no kalpi point for this (settlement, rikuz)","mismatch_type":"mismatch","color":"#f2b654","style":{"name":"mismatch_style","rules":[{"name":"Mismatch","symbolizers":[{"kind":"Fill","color":"#f2b654","opacity":0.5,"outlineColor":"#f2b654","outlineWidth":2},{"kind":"Mark","wellKnownName":"circle","color":"#f2b654","radius":6,"opacity":0.5,"fillOpacity":0.5,"strokeColor":"#000000","strokeWidth":1},{"kind":"Text","label":"658 mismatch","color":"#000000","size":10,"haloColor":"#ffffff","haloWidth":1}]}]}}},
{"type":"Feature","geometry":{"type":"Point","coordinates":[3891399.2,3859432.5]},"properties":{"SETL_CODE":689,"שם ישוב":"מגדים","ריכוז":1,"reason":"kalpi point outside all neighborhoods","mismatch_type":"outside","color":"#8854f2","style":{"name":"mismatch_style","rules":[{"name":"Mismatch","symbolizers":[{"kind":"Fill","color":"#8854f2","opacity":0.5,"outlineColor":"#8854f2","outlineWidth":2},{"kind":"Mark","wellKnownName":"circle","color":"#8854f2","radius":6,"opacity":0.5,"fillOpacity":0.5,"strokeColor":"#000000","strokeWidth":1},{"kind":"Text","label":"689 outside","color":"#000000","size":10,"haloColor":"#ffffff","haloWidth":1}]}]}}},
{"type":"Feature","geometry":{"type":"Point","coordinates":[3891399.2,3859432.5]},"properties":{"SETL_CODE":689,"שם ישוב":"מגדים","ריכוז":1,"reason":"kalpi point outside all neighborhoods","mismatch_type":"outside","color":"#8854f2","style":{"name":"mismatch_style","rules":[{"name":"Mismatch","symbolizers":[{"kind":"Fill","color":"#8854f2","opacity":0.5,"outlineColor":"#8854f2","outlineWidth":2},{"kind":"Mark","wellKnownName":"circle","color":"#8854f2","radius":6,"opacity":0.5,"fillOpacity":0.5,"strokeColor":"#000000","strokeWidth":1},{"kind":"Text","label":"689 outside","color":"#000000","size":10,"haloColor":"#ffffff","haloWidth":1}]}]}}},
{"type":"Feature","geometry":{"type":"Point","coordinates":[3866049.6500000004,3723579.2]},"properties":{"SETL_CODE":692,"שם ישוב":"שפיר","ריכוז":1,"reason":"no kalpi point for this (settlement, rikuz)","mismatch_type":"mismatch","color":"#54f25a","style":{"name":"mismatch_style","rules":[{"name":"Mismatch","symbolizers":[{"kind":"Fill","color":"#54f25a","opacity":0.5,"outlineColor":"#54f25a","outlineWidth":2},{"kind":"Mark","wellKnownName":"circle","color":"#54f25a","radius":6,"opacity":0.5,"fillOpacity":0.5,"strokeColor":"#000000","strokeWidth":1},{"kind":"Text","label":"692 mismatch","color":"#000000","size":10,"haloColor":"#ffffff","haloWidth":1}]}]}}},
{"type":"Feature","geometry":{"type":"Point","coordinates":[3918269.25,3836458.75]},"properties":{"SETL_CODE":703,"שם ישוב":"גבעת עוז","ריכוז":2,"reason":"no kalpi point for this (settlement, rikuz)","mismatch_type":"mismatch","color":"#f2547d","style":{"name":"mismatch_style","rules":[{"name":"Mismatch","symbolizers":[{"kind":"Fill","color":"#f2547d","opacity":0.5,"outlineColor":"#f2547d","outlineWidth":2},{"kind":"Mark","wellKnownName":"circle","color":"#f2547d","radius":6,"opacity":0.5,"fillOpacity":0.5,"strokeColor":"#000000","strokeWidth":1},{"kind":"Text","label":"703 mismatch","color":"#000000","size":10,"haloColor":"#ffffff","haloWidth":1}]}]}}},
{"type":"Feature","geometry":{"type":"Point","coordinates":[3890819.0,3771651.2]},"properties":{"SETL_CODE":705,"שם ישוב":"נחשונים","ריכוז":2,"reason":"kalpi point outside all neighborhoods","mismatch_type":"outside","color":"#54aaf2","style":{"name":"mismatch_style","rules":[{"name":"Mismatch","symbolizers":[{"kind":"Fill","color":"#54aaf2","opacity":0.5,"outlineColor":"#54aaf2","outlineWidth":2},{"kind":"Mark","wellKnownName":"circle","color":"#54aaf2","radius":6,"opacity":0.5,"fillOpacity":0.5,"strokeColor":"#000000","strokeWidth":1},{"kind":"Text","label":"705 outside","color":"#000000","size":10,"haloColor":"#ffffff","haloWidth":1}]}]}}},
{"type":"Feature","geometry":{"type":"Point","coordinates":[3852121.0,3714475.1]},"properties":{"SETL_CODE":706,"שם ישוב":"גיאה","ריכוז":1,"reason":"no kalpi point for this (settlement, rikuz)","mismatch_type":"mismatch","color":"#d8f254","style":{"name":"mismatch_style","rules":[{"name":"Mismatch","symbolizers":[{"kind":"Fill","color":"#d8f254","opacity":0.5,"outlineColor":"#d8f254","outlineWidth":2},{"kind":"Mark","wellKnownName":"circle","color":"#d8f254","radius":6,"opacity":0.5,"fillOpacity":0.5,"strokeColor":"#000000","strokeWidth":1},{"kind":"Text","label":"706 mismatch","color":"#000000","size":10,"haloColor":"#ffffff","haloWidth":1}]}]}}},
{"type":"Feature","geometry":{"type":"Point","coordinates":[3885847.4,3748942.0]},"properties":{"SETL_CODE":711,"שם ישוב":"עזריה","ריכוז":2,"reason":"kalpi point outside all neighborhoods","mismatch_type":"outside","color":"#dd54f2","style":{"name":"mismatch_style","rules":[{"name":"Mismatch","symbolizers":[{"kind":"Fill","color":"#dd54f2","opacity":0.5,"outlineColor":"#dd54f2","outlineWidth":2},{"kind":"Mark","wellKnownName":"circle","color":"#dd54f2","radius":6,"opacity":0.5,"fillOpacity":0.5,"strokeColor":"#000000","strokeWidth":1},{"kind":"Text","label":"711 outside","color":"#000000","size":10,"haloColor":"#ffffff","haloWidth":1}]}]}}},
{"type":"Feature","geometry":{"type":"Point","coordinates":[3885847.4,3748942.0]},"properties":{"SETL_CODE":711,"שם ישוב":"עזריה","ריכוז":3,"reason":"kalpi point outside all neighborhoods","mismatch_type":"outside","color":"#dd54f2","style":{"name":"mismatch_style","rules":[{"name":"Mismatch","symbolizers":[{"kind":"Fill","color":"#dd54f2","opacity":0.5,"outlineColor":"#dd54f2","outlineWidth":2},{"kind":"Mark","wellKnownName":"circle","color":"#dd54f2","radius":6,"opacity":0.5,"fillOpacity":0.5,"strokeColor":"#000000","strokeWidth":1},{"kind":"Text","label":"711 outside","color":"#000000","size":10,"haloColor":"#ffffff","haloWidth":1}]}]}}},
{"type":"Feature","geometry":{"type":"Point","coordinates":[3852444.8,3687930.25]},"properties":{"SETL_CODE":723,"שם ישוב":"בית הגדי","ריכוז":2,"reason":"no kalpi point for this (settlement, rikuz)","mismatch_type":"mismatch","color":"#54f2af","style":{"name":"mismatch_style","rules":[{"name":"Mismatch","symbolizers":[{"kind":"Fill","color":"#54f2af","opacity":0.5,"outlineColor":"#54f2af","outlineWidth":2},{"kind":"Mark","wellKnownName":"circle","color":"#54f2af","radius":6,"opacity":0.5,"fillOpacity":0.5,"strokeColor":"#000000","strokeWidth":1},{"kind":"Text","label":"723 mismatch","color":"#000000","size":10,"haloColor":"#ffffff","haloWidth":1}]}]}}},
{"type":"Feature","geometry":{"type":"Point","coordinates":[3962966.0,3895930.1]},"properties":{"SETL_CODE":732,"שם ישוב":"משמר הירדן","ריכוז":1,"reason":"no kalpi point for this (settlement, rikuz)","mismatch_type":"mismatch","color":"#f28154","style":{"name":"mismatch_style","rules":[{"name":"Mismatch","symbolizers":[{"kind":"Fill","color":"#f28154","opacity":0.5,"outlineColor":"#f28154","outlineWidth":2},{"kind":"Mark","wellKnownName":"circle","color":"#f28154","radius":6,"opacity":0.5,"fillOpacity":0.5,"strokeColor":"#000000","strokeWidth":1},{"kind":"Text","label":"732 mismatch","color":"#000000","size":10,"haloColor":"#ffffff","haloWidth":1}]}]}}},
{"type":"Feature","geometry":{"type":"Point","coordinates":[3860110.5999999996,3731597.55]},"properties":{"SETL_CODE":739,"שם ישוב":"שדה עוזיהו","ריכוז":3,"reason":"no kalpi point for this (settlement, rikuz)","mismatch_type":"mismatch","color":"#5455f2","style":{"name":"mismatch_style","rules":[{"name":"Mismatch","symbolizers":[{"kind":"Fill","color":"#5455f2","opacity":0.5,"outlineColor":"#5455f2","outlineWidth":2},{"kind":"Mark","wellKnownName":"circle","color":"#5455f2","radius":6,"opacity":0.5,"fillOpacity":0.5,"strokeColor":"#000000","strokeWidth":1},{"kind":"Text","label":"739 mismatch","color":"#000000","size":10,"haloColor":"#ffffff","haloWidth":1}]}]}}},
{"type":"Feature","geometry":{"type":"Point","coordinates":[3904999.7,3736746.8]},"properties":{"SETL_CODE":741,"שם ישוב":"שואבה","ריכוז":3,"reason":"kalpi point outside all neighborhoods","mismatch_type":"outside","color":"#83f254","style":{"name":"mismatch_style","rules":[{"name":"Mismatch","symbolizers":[{"kind":"Fill","color":"#83f254","opacity":0.5,"outlineColor":"#83f254","outlineWidth":2},{"kind":"Mark","wellKnownName":"circle","color":"#83f254","radius":6,"opacity":0.5,"fillOpacity":0.5,"strokeColor":"#000000","strokeWidth":1},{"kind":"Text","label":"741 outside","color":"#000000","size":10,"haloColor":"#ffffff","haloWidth":1}]}]}}},
{"type":"Feature","geometry":{"type":"Point","coordinates":[3854303.9,3720192.0]},"properties":{"SETL_CODE":746,"שם ישוב":"ברכיה","ריכוז":2,"reason":"kalpi point outside all neighborhoods","mismatch_type":"outside","color":"#f254b1","style":{"name":"mismatch_style","rules":[{"name":"Mismatch","symbolizers":[{"kind":"Fill","color":"#f254b1","opacity":0.5,"outlineColor":"#f254b1","outlineWidth":2},{"kind":"Mark","wellKnownName":"circle","color":"#f254b1","radius":6,"opacity":0.5,"fillOpacity":0.5,"strokeColor":"#000000","strokeWidth":1},{"kind":"Text","label":"746 outside","color":"#000000","size":10,"haloColor":"#ffffff","haloWidth":1}]}]}}},
{"type":"Feature","geometry":{"type":"Point","coordinates":[3854303.9,3720192.0]},"properties":{"SETL_CODE":746,"שם ישוב":"ברכיה","ריכוז":2,"reason":"kalpi point outside all neighborhoods","mismatch_type":"outside","color":"#f254b1","style":{"name":"mismatch_style","rules":[{"name":"Mismatch","symbolizers":[{"kind":"Fill","color":"#f254b1","opacity":0.5,"outlineColor":"#f254b1","outlineWidth":2},{"kind":"Mark","wellKnownName":"circle","color":"#f254b1","radius":6,"opacity":0.5,"fillOpacity":0.5,"strokeColor":"#000000","strokeWidth":1},{"kind":"Text","label":"746 outside","color":"#000000","size":10,"haloColor":"#ffffff","haloWidth":1}]}]}}},
{"type":"Feature","geometry":{"type":"Point","coordinates":[3852596.0,3715828.1]},"properties":{"SETL_CODE":747,"שם ישוב":"בית שקמה","ריכוז":1,"reason":"no kalpi point for this (settlement, rikuz)","mismatch_type":"mismatch","color":"#54dff2","style":{"name":"mismatch_style","rules":[{"name":"Mismatch","symbolizers":[{"kind":"Fill","color":"#54dff2","opacity":0.5,"outlineColor":"#54dff2","outlineWidth":2},{"kind":"Mark","wellKnownName":"circle","color":"#54dff2","radius":6,"opacity":0.5,"fillOpacity":0.5,"strokeColor":"#000000","strokeWidth":1},{"kind":"Text","label":"747 mismatch","color":"#000000","size":10,"haloColor":"#ffffff","haloWidth":1}]}]}}},
{"type":"Feature","geometry":{"type":"Point","coordinates":[3850440.0,3674776.6]},"properties":{"SETL_CODE":748,"שם ישוב":"מסלול","ריכוז":1,"reason":"kalpi point outside all neighborhoods","mismatch_type":"outside","color":"#f2d654","style":{"name":"mismatch_style","rules":[{"name":"Mismatch","symbolizers":[{"kind":"Fill","color":"#f2d654","opacity":0.5,"outlineColor":"#f2d654","outlineWidth":2},{"kind":"Mark","wellKnownName":"circle","color":"#f2d654","radius":6,"opacity":0.5,"fillOpacity":0.5,"strokeColor":"#000000","strokeWidth":1},{"kind":"Text","label":"748 outside","color":"#000000","size":10,"haloColor":"#ffffff","haloWidth":1}]}]}}},
{"type":"Feature","geometry":{"type":"Point","coordinates":[3847148.3,3675345.6]},"properties":{"SETL_CODE":749,"שם ישוב":"פטיש","ריכוז":1,"reason":"no kalpi point for this (settlement, rikuz)","mismatch_type":"mismatch","color":"#a854f2","style":{"name":"mismatch_style","rules":[{"name":"Mismatch","symbolizers":[{"kind":"Fill","color":"#a854f2","opacity":0.5,"outlineColor":"#a854f2","outlineWidth":2},{"kind":"Mark","wellKnownName":"circle","color":"#a854f2","radius":6,"opacity":0.5,"fillOpacity":0.5,"strokeColor":"#000000","strokeWidth":1},{"kind":"Text","label":"749 mismatch","color":"#000000","size":10,"haloColor":"#ffffff","haloWidth":1}]}]}}},
{"type":"Feature","geometry":{"type":"Point","coordinates":[3880651.5999999996,3745412.4000000004]},"properties":{"SETL_CODE":759,"שם ישוב":"יציץ","ריכוז":1,"reason":"no kalpi point for this (settlement, rikuz)","mismatch_type":"mismatch","color":"#54f27b","style":{"name":"mismatch_style","rules":[{"name":"Mismatch","symbolizers":[{"kind":"Fill","color":"#54f27b","opacity":0.5,"outlineColor":"#54f27b","outlineWidth":2},{"kind":"Mark","wellKnownName":"circle","color":"#54f27b","radius":6,"opacity":0.5,"fillOpacity":0.5,"strokeColor":"#000000","strokeWidth":1},{"kind":"Text","label":"759 mismatch","color":"#000000","size":10,"haloColor":"#ffffff","haloWidth":1}]}]}}},
{"type":"Feature","geometry":{"type":"Point","coordinates":[3894229.45,3734874.55]},"properties":{"SETL_CODE":778,"שם ישוב":"תרום","ריכוז":1,"reason":"no kalpi point for this (settlement, rikuz)","mismatch_type":"mismatch","color":"#f2545c","style":{"name":"mismatch_style","rules":[{"name":"Mismatch","symbolizers":[{"kind":"Fill","color":"#f2545c","opacity":0.5,"outlineColor":"#f2545c","outlineWidth":2},{"kind":"Mark","wellKnownName":"circle","color":"#f2545c","radius":6,"opacity":0.5,"fillOpacity":0.5,"strokeColor":"#000000","strokeWidth":1},{"kind":"Text","label":"778 mismatch","color":"#000000","size":10,"haloColor":"#ffffff","haloWidth":1}]}]}}},
{"type":"Feature","geometry":{"type":"Point","coordinates":[3913210.5,3730943.25]},"properties":{"SETL_CODE":780,"שם ישוב":"אורה","ריכוז":2,"reason":"no kalpi point for this (settlement, rikuz)","mismatch_type":"mismatch","color":"#548af2","style":{"name":"mismatch_style","rules":[{"name":"Mismatch","symbolizers":[{"kind":"Fill","color":"#548af2","opacity":0.5,"outlineColor":"#548af2","outlineWidth":2},{"kind":"Mark","wellKnownName":"circle","color":"#548af2","radius":6,"opacity":0.5,"fillOpacity":0.5,"strokeColor":"#000000","strokeWidth":1},{"kind":"Text","label":"780 mismatch","color":"#000000","size":10,"haloColor":"#ffffff","haloWidth":1}]}]}}},
{"type":"Feature","geometry":{"type":"Point","coordinates":[3906653.7,3735432.8]},"properties":{"SETL_CODE":787,"שם ישוב":"גבעת יערים","ריכוז":1,"reason":"kalpi point outside all neighborhoods","mismatch_type":"outside","color":"#b8f254","style":{"name":"mismatch_style","rules":[{"name":"Mismatch","symbolizers":[{"kind":"Fill","color":"#b8f254","opacity":0.5,"outlineColor":"#b8f254","outlineWidth":2},{"kind":"Mark","wellKnownName":"circle","color":"#b8f254","radius":6,"opacity":0.5,"fillOpacity":0.5,"strokeColor":"#000000","strokeWidth":1},{"kind":"Text","label":"787 outside","color":"#000000","size":10,"haloColor":"#ffffff","haloWidth":1}]}]}}},
{"type":"Feature","geometry":{"type":"Point","coordinates":[3906653.7,3735432.8]},"properties":{"SETL_CODE":787,"שם ישוב":"גבעת יערים","ריכוז":1,"reason":"kalpi point outside all neighborhoods","mismatch_type":"outside","color":"#b8f254","style":{"name":"mismatch_style","rules":[{"name":"Mismatch","symbolizers":[{"kind":"Fill","color":"#b8f254","opacity":0.5,"outlineColor":"#b8f254","outlineWidth":2},{"kind":"Mark","wellKnownName":"circle","color":"#b8f254","radius":6,"opacity":0.5,"fillOpacity":0.5,"strokeColor":"#000000","strokeWidth":1},{"kind":"Text","label":"787 outside","color":"#000000","size":10,"haloColor":"#ffffff","haloWidth":1}]}]}}},
{"type":"Feature","geometry":{"type":"Point","coordinates":[3916796.05,3904282.65]},"properties":{"SETL_CODE":795,"שם ישוב":"יערה","ריכוז":2,"reason":"no kalpi point for this (settlement, rikuz)","mismatch_type":"mismatch","color":"#f254e6","style":{"name":"mismatch_style","rules":[{"name":"Mismatch","symbolizers":[{"kind":"Fill","color":"#f254e6","opacity":0.5,"outlineColor":"#f254e6","outlineWidth":2},{"kind":"Mark","wellKnownName":"circle","color":"#f254e6","radius":6,"opacity":0.5,"fillOpacity":0.5,"strokeColor":"#000000","strokeWidth":1},{"kind":"Text","label":"795 mismatch","color":"#000000","size":10,"haloColor":"#ffffff","haloWidth":1}]}]}}},
{"type":"Feature","geometry":{"type":"Point","coordinates":[3888450.4,3737743.65]},"properties":{"SETL_CODE":796,"שם ישוב":"צלפון","ריכוז":1,"reason":"no kalpi point for this (settlement, rikuz)","mismatch_type":"mismatch","color":"#54f2d0","style":{"name":"mismatch_style","rules":[{"name":"Mismatch","symbolizers":[{"kind":"Fill","color":"#54f2d0","opacity":0.5,"outlineColor":"#54f2d0","outlineWidth":2},{"kind":"Mark","wellKnownName":"circle","color":"#54f2d0","radius":6,"opacity":0.5,"fillOpacity":0.5,"strokeColor":"#000000","strokeWidth":1},{"kind":"Text","label":"796 mismatch","color":"#000000","size":10,"haloColor":"#ffffff","haloWidth":1}]}]}}},
{"type":"Feature","geometry":{"type":"Point","coordinates":[3894119.3,3845315.9000000004]},"properties":{"SETL_CODE":810,"שם ישוב":"עופר","ריכוז":2,"reason":"no kalpi point for this (settlement, rikuz)","mismatch_type":"mismatch","color":"#f2a254","style":{"name":"mismatch_style","rules":[{"name":"Mismatch","symbolizers":[{"kind":"Fill","color":"#f2a254","opacity":0.5,"outlineColor":"#f2a254","outlineWidth":2},{"kind":"Mark","wellKnownName":"circle","color":"#f2a254","radius":6,"opacity":0.5,"fillOpacity":0.5,"strokeColor":"#000000","strokeWidth":1},{"kind":"Text","label":"810 mismatch","color":"#000000","size":10,"haloColor":"#ffffff","haloWidth":1}]}]}}},
{"type":"Feature","geometry":{"type":"Point","coordinates":[3912583.4899999998,3905617.585]},"properties":{"SETL_CODE":812,"שם ישוב":"שלומי","ריכוז":11,"reason":"no kalpi point for this (settlement, rikuz)","mismatch_type":"mismatch","color":"#7454f2","style":{"name":"mismatch_style","rules":[{"name":"Mismatch","symbolizers":[{"kind":"Fill","color":"#7454f2","opacity":0.5,"outlineColor":"#7454f2","outlineWidth":2},{"kind":"Mark","wellKnownName":"circle","color":"#7454f2","radius":6,"opacity":0.5,"fillOpacity":0.5,"strokeColor":"#000000","strokeWidth":1},{"kind":"Text","label":"812 mismatch","color":"#000000","size":10,"haloColor":"#ffffff","haloWidth":1}]}]}}},
{"type":"Feature","geometry":{"type":"Point","coordinates":[3912583.4899999998,3905617.585]},"properties":{"SETL_CODE":812,"שם ישוב":"שלומי","ריכוז":18,"reason":"no kalpi point for this (settlement, rikuz)","mismatch_type":"mismatch","color":"#7454f2","style":{"name":"mismatch_style","rules":[{"name":"Mismatch","symbolizers":[{"kind":"Fill","color":"#7454f2","opacity":0.5,"outlineColor":"#7454f2","outlineWidth":2},{"kind":"Mark","wellKnownName":"circle","color":"#7454f2","radius":6,"opacity":0.5,"fillOpacity":0.5,"strokeColor":"#000000","strokeWidth":1},{"kind":"Text","label":"812 mismatch","color":"#000000","size":10,"haloColor":"#ffffff","haloWidth":1}]}]}}},
{"type":"Feature","geometry":{"type":"Point","coordinates":[3888231.3173913043,3631026.819565217]},"properties":{"SETL_CODE":831,"שם ישוב":"ירוחם","ריכוז":12,"reason":"no kalpi point for this (settlement, rikuz)","mismatch_type":"mismatch","color":"#63f254","style":{"name":"mismatch_style","rules":[{"name":"Mismatch","symbolizers":[{"kind":"Fill","color":"#63f254","opacity":0.5,"outlineColor":"#63f254","outlineWidth":2},{"kind":"Mark","wellKnownName":"circle","color":"#63f254","radius":6,"opacity":0.5,"fillOpacity":0.5,"strokeColor":"#000000","strokeWidth":1},{"kind":"Text","label":"831 mismatch","color":"#000000","size":10,"haloColor":"#ffffff","haloWidth":1}]}]}}},
{"type":"Feature","geometry":{"type":"Point","coordinates":[3935908.35,3834645.65]},"properties":{"SETL_CODE":833,"שם ישוב":"נורית","ריכוז":1,"reason":"no kalpi point for this (settlement, rikuz)","mismatch_type":"mismatch","color":"#f25491","style":{"name":"mismatch_style","rules":[{"name":"Mismatch","symbolizers":[{"kind":"Fill","color":"#f25491","opacity":0.5,"outlineColor":"#f25491","outlineWidth":2},{"kind":"Mark","wellKnownName":"circle","color":"#f25491","radius":6,"opacity":0.5,"fillOpacity":0.5,"strokeColor":"#000000","strokeWidth":1},{"kind":"Text","label":"833 mismatch","color":"#000000","size":10,"haloColor":"#ffffff","haloWidth":1}]}]}}},
{"type":"Feature","geometry":{"type":"Point","coordinates":[3944168.5,3888062.5]},"properties":{"SETL_CODE":846,"שם ישוב":"שפר","ריכוז":1,"reason":"kalpi point outside all neighborhoods","mismatch_type":"outside","color":"#54bff2","style":{"name":"mismatch_style","rules":[{"name":"Mismatch","symbolizers":[{"kind":"Fill","color":"#54bff2","opacity":0.5,"outlineColor":"#54bff2","outlineWidth":2},{"kind":"Mark","wellKnownName":"circle","color":"#54bff2","radius":6,"opacity":0.5,"fillOpacity":0.5,"strokeColor":"#000000","strokeWidth":1},{"kind":"Text","label":"846 outside","color":"#000000","size":10,"haloColor":"#ffffff","haloWidth":1}]}]}}},
{"type":"Feature","geometry":{"type":"Point","coordinates":[3950627.05,3822592.6500000004]},"properties":{"SETL_CODE":854,"שם ישוב":"רחוב","ריכוז":1,"reason":"no kalpi point for this (settlement, rikuz)","mismatch_type":"mismatch","color":"#edf254","style":{"name":"mismatch_style","rules":[{"name":"Mismatch","symbolizers":[{"kind":"Fill","color":"#edf254","opacity":0.5,"outlineColor":"#edf254","outlineWidth":2},{"kind":"Mark","wellKnownName":"circle","color":"#edf254","radius":6,"opacity":0.5,"fillOpacity":0.5,"strokeColor":"#000000","strokeWidth":1},{"kind":"Text","label":"854 mismatch","color":"#000000","size":10,"haloColor":"#ffffff","haloWidth":1}]}]}}},
{"type":"Feature","geometry":{"type":"Point","coordinates":[3958201.55,3901258.85]},"properties":{"SETL_CODE":861,"שם ישוב":"שדה אליעזר","ריכוז":1,"reason":"no kalpi point for this (settlement, rikuz)","mismatch_type":"mismatch","color":"#c954f2","style":{"name":"mismatch_style","rules":[{"name":"Mismatch","symbolizers":[{"kind":"Fill","color":"#c954f2","opacity":0.5,"outlineColor":"#c954f2","outlineWidth":2},{"kind":"Mark","wellKnownName":"circle","color":"#c954f2","radius":6,"opacity":0.5,"fillOpacity":0.5,"strokeColor":"#000000","strokeWidth":1},{"kind":"Text","label":"861 mismatch","color":"#000000","size":10,"haloColor":"#ffffff","haloWidth":1}]}]}}},
{"type":"Feature","geometry":{"type":"Point","coordinates":[3887358.95,3776096.95]},"properties":{"SETL_CODE":870,"שם ישוב":"גבעת השלושה","ריכוז":1,"reason":"no kalpi point for this (settlement, rikuz)","mismatch_type":"mismatch","color":"#54f29b","style":{"name":"mismatch_style","rules":[{"name":"Mismatch","symbolizers":[{"kind":"Fill","color":"#54f29b","opacity":0.5,"outlineColor":"#54f29b","outlineWidth":2},{"kind":"Mark","wellKnownName":"circle","color":"#54f29b","radius":6,"opacity":0.5,"fillOpacity":0.5,"strokeColor":"#000000","strokeWidth":1},{"kind":"Text","label":"870 mismatch","color":"#000000","size":10,"haloColor":"#ffffff","haloWidth":1}]}]}}},
{"type":"Feature","geometry":{"type":"Point","coordinates":[3875704.7,3659224.8]},"properties":{"SETL_CODE":939,"שם ישוב":"מסעודין אלעזאזמה","ריכוז":1,"reason":"kalpi point outside all neighborhoods","mismatch_type":"outside","color":"#f26d54","style":{"name":"mismatch_style","rules":[{"name":"Mismatch","symbolizers":[{"kind":"Fill","color":"#f26d54","opacity":0.5,"outlineColor":"#f26d54","outlineWidth":2},{"kind":"Mark","wellKnownName":"circle","color":"#f26d54","radius":6,"opacity":0.5,"fillOpacity":0.5,"strokeColor":"#000000","strokeWidth":1},{"kind":"Text","label":"939 outside","color":"#000000","size":10,"haloColor":"#ffffff","haloWidth":1}]}]}}},
{"type":"Feature","geometry":{"type":"Point","coordinates":[3875704.7,3659224.8]},"properties":{"SETL_CODE":939,"שם ישוב":"מסעודין אלעזאזמה","ריכוז":1,"reason":"kalpi point outside all neighborhoods","mismatch_type":"outside","color":"#f26d54","style":{"name":"mismatch_style","rules":[{"name":"Mismatch","symbolizers":[{"kind":"Fill","color":"#f26d54","opacity":0.5,"outlineColor":"#f26d54","outlineWidth":2},{"kind":"Mark","wellKnownName":"circle","color":"#f26d54","radius":6,"opacity":0.5,"fillOpacity":0.5,"strokeColor":"#000000","strokeWidth":1},{"kind":"Text","label":"939 outside","color":"#000000","size":10,"haloColor":"#ffffff","haloWidth":1}]}]}}},
{"type":"Feature","geometry":{"type":"Point","coordinates":[3875704.7,3659224.8]},"properties":{"SETL_CODE":939,"שם ישוב":"מסעודין אלעזאזמה","ריכוז":1,"reason":"kalpi point outside all neighborhoods","mismatch_type":"outside","color":"#f26d54","style":{"name":"mismatch_style","rules":[{"name":"Mismatch","symbolizers":[{"kind":"Fill","color":"#f26d54","opacity":0.5,"outlineColor":"#f26d54","outlineWidth":2},{"kind":"Mark","wellKnownName":"circle","color":"#f26d54","radius":6,"opacity":0.5,"fillOpacity":0.5,"strokeColor":"#000000","strokeWidth":1},{"kind":"Text","label":"939 outside","color":"#000000","size":10,"haloColor":"#ffffff","haloWidth":1}]}]}}},
{"type":"Feature","geometry":{"type":"Point","coordinates":[3869560.9,3687234.4]},"properties":{"SETL_CODE":956,"שם ישוב":"הוזייל שבט","ריכוז":1,"reason":"kalpi point outside all neighborhoods","mismatch_type":"outside","color":"#5469f2","style":{"name":"mismatch_style","rules":[{"name":"Mismatch","symbolizers":[{"kind":"Fill","color":"#5469f2","opacity":0.5,"outlineColor":"#5469f2","outlineWidth":2},{"kind":"Mark","wellKnownName":"circle","color":"#5469f2","radius":6,"opacity":0.5,"fillOpacity":0.5,"strokeColor":"#000000","strokeWidth":1},{"kind":"Text","label":"956 outside","color":"#000000","size":10,"haloColor":"#ffffff","haloWidth":1}]}]}}},
{"type":"Feature","geometry":{"type":"Point","coordinates":[3869560.9,3687234.4]},"properties":{"SETL_CODE":956,"שם ישוב":"הוזייל שבט","ריכוז":1,"reason":"kalpi point outside all neighborhoods","mismatch_type":"outside","color":"#5469f2","style":{"name":"mismatch_style","rules":[{"name":"Mismatch","symbolizers":[{"kind":"Fill","color":"#5469f2","opacity":0.5,"outlineColor":"#5469f2","outlineWidth":2},{"kind":"Mark","wellKnownName":"circle","color":"#5469f2","radius":6,"opacity":0.5,"fillOpacity":0.5,"strokeColor":"#000000","strokeWidth":1},{"kind":"Text","label":"956 outside","color":"#000000","size":10,"haloColor":"#ffffff","haloWidth":1}]}]}}},
{"type":"Feature","geometry":{"type":"Point","coordinates":[3881254.0,3623925.7]},"properties":{"SETL_CODE":963,"שם ישוב":"אעצם שבט","ריכוז":2,"reason":"kalpi point outside all neighborhoods","mismatch_type":"outside","color":"#97f254","style":{"name":"mismatch_style","rules":[{"name":"Mismatch","symbolizers":[{"kind":"Fill","color":"#97f254","opacity":0.5,"outlineColor":"#97f254","outlineWidth":2},{"kind":"Mark","wellKnownName":"circle","color":"#97f254","radius":6,"opacity":0.5,"fillOpacity":0.5,"strokeColor":"#000000","strokeWidth":1},{"kind":"Text","label":"963 outside","color":"#000000","size":10,"haloColor":"#ffffff","haloWidth":1}]}]}}},
{"type":"Feature","geometry":{"type":"Point","coordinates":[3902749.9,3662981.5]},"properties":{"SETL_CODE":966,"שם ישוב":"אבו רובייעה שבט","ריכוז":2,"reason":"kalpi point outside all neighborhoods","mismatch_type":"outside","color":"#f254c5","style":{"name":"mismatch_style","rules":[{"name":"Mismatch","symbolizers":[{"kind":"Fill","color":"#f254c5","opacity":0.5,"outlineColor":"#f254c5","outlineWidth":2},{"kind":"Mark","wellKnownName":"circle","color":"#f254c5","radius":6,"opacity":0.5,"fillOpacity":0.5,"strokeColor":"#000000","strokeWidth":1},{"kind":"Text","label":"966 outside","color":"#000000","size":10,"haloColor":"#ffffff","haloWidth":1}]}]}}},
{"type":"Feature","geometry":{"type":"Point","coordinates":[3902749.9,3662981.5]},"properties":{"SETL_CODE":966,"שם ישוב":"אבו רובייעה שבט","ריכוז":2,"reason":"kalpi point outside all neighborhoods","mismatch_type":"outside","color":"#f254c5","style":{"name":"mismatch_style","rules":[{"name":"Mismatch","symbolizers":[{"kind":"Fill","color":"#f254c5","opacity":0.5,"outlineColor":"#f254c5","outlineWidth":2},{"kind":"Mark","wellKnownName":"circle","color":"#f254c5","radius":6,"opacity":0.5,"fillOpacity":0.5,"strokeColor":"#000000","strokeWidth":1},{"kind":"Text","label":"966 outside","color":"#000000","size":10,"haloColor":"#ffffff","haloWidth":1}]}]}}},
{"type":"Feature","geometry":{"type":"Point","coordinates":[3902749.9,3662981.5]},"properties":{"SETL_CODE":966,"שם ישוב":"אבו רובייעה שבט","ריכוז":2,"reason":"kalpi point outside all neighborhoods","mismatch_type":"outside","color":"#f254c5","style":{"name":"mismatch_style","rules":[{"name":"Mismatch","symbolizers":[{"kind":"Fill","color":"#f254c5","opacity":0.5,"outlineColor":"#f254c5","outlineWidth":2},{"kind":"Mark","wellKnownName":"circle","color":"#f254c5","radius":6,"opacity":0.5,"fillOpacity":0.5,"strokeColor":"#000000","strokeWidth":1},{"kind":"Text","label":"966 outside","color":"#000000","size":10,"haloColor":"#ffffff","haloWidth":1}]}]}}},
{"type":"Feature","geometry":{"type":"Point","coordinates":[3905506.4,3660655.5]},"properties":{"SETL_CODE":968,"שם ישוב":"אבו קורינאת שבט","ריכוז":1,"reason":"kalpi point outside all neighborhoods","mismatch_type":"outside","color":"#54f2f0","style":{"name":"mismatch_style","rules":[{"name":"Mismatch","symbolizers":[{"kind":"Fill","color":"#54f2f0","opacity":0.5,"outlineColor":"#54f2f0","outlineWidth":2},{"kind":"Mark","wellKnownName":"circle","color":"#54f2f0","radius":6,"opacity":0.5,"fillOpacity":0.5,"strokeColor":"#000000","strokeWidth":1},{"kind":"Text","label":"968 outside","color":"#000000","size":10,"haloColor":"#ffffff","haloWidth":1}]}]}}},
{"type":"Feature","geometry":{"type":"Point","coordinates":[3905506.4,3660655.5]},"properties":{"SETL_CODE":968,"שם ישוב":"אבו קורינאת שבט","ריכוז":1,"reason":"kalpi point outside all neighborhoods","mismatch_type":"outside","color":"#54f2f0","style":{"name":"mismatch_style","rules":[{"name":"Mismatch","symbolizers":[{"kind":"Fill","color":"#54f2f0","opacity":0.5,"outlineColor":"#54f2f0","outlineWidth":2},{"kind":"Mark","wellKnownName":"circle","color":"#54f2f0","radius":6,"opacity":0.5,"fillOpacity":0.5,"strokeColor":"#000000","strokeWidth":1},{"kind":"Text","label":"968 outside","color":"#000000","size":10,"haloColor":"#ffffff","haloWidth":1}]}]}}},
{"type":"Feature","geometry":{"type":"Point","coordinates":[3905506.4,3660655.5]},"properties":{"SETL_CODE":968,"שם ישוב":"אבו קורינאת שבט","ריכוז":1,"reason":"kalpi point outside all neighborhoods","mismatch_type":"outside","color":"#54f2f0","style":{"name":"mismatch_style","rules":[{"name":"Mismatch","symbolizers":[{"kind":"Fill","color":"#54f2f0","opacity":0.5,"outlineColor":"#54f2f0","outlineWidth":2},{"kind":"Mark","wellKnownName":"circle","color":"#54f2f0","radius":6,"opacity":0.5,"fillOpacity":0.5,"strokeColor":"#000000","strokeWidth":1},{"kind":"Text","label":"968 outside","color":"#000000","size":10,"haloColor":"#ffffff","haloWidth":1}]}]}}},
{"type":"Feature","geometry":{"type":"Point","coordinates":[3905506.4,3660655.5]},"properties":{"SETL_CODE":968,"שם ישוב":"אבו קורינאת שבט","ריכוז":1,"reason":"kalpi point outside all neighborhoods","mismatch_type":"outside","color":"#54f2f0","style":{"name":"mismatch_style","rules":[{"name":"Mismatch","symbolizers":[{"kind":"Fill","color":"#54f2f0","opacity":0.5,"outlineColor":"#54f2f0","outlineWidth":2},{"kind":"Mark","wellKnownName":"circle","color":"#54f2f0","radius":6,"opacity":0.5,"fillOpacity":0.5,"strokeColor":"#000000","strokeWidth":1},{"kind":"Text","label":"968 outside","color":"#000000","size":10,"haloColor":"#ffffff","haloWidth":1}]}]}}},
{"type":"Feature","geometry":{"type":"Point","coordinates":[3905506.4,3660655.5]},"properties":{"SETL_CODE":968,"שם ישוב":"אבו קורינאת שבט","ריכוז":1,"reason":"kalpi point outside all neighborhoods","mismatch_type":"outside","color":"#54f2f0","style":{"name":"mismatch_style","rules":[{"name":"Mismatch","symbolizers":[{"kind":"Fill","color":"#54f2f0","opacity":0.5,"outlineColor":"#54f2f0","outlineWidth":2},{"kind":"Mark","wellKnownName":"circle","color":"#54f2f0","radius":6,"opacity":0.5,"fillOpacity":0.5,"strokeColor":"#000000","strokeWidth":1},{"kind":"Text","label":"968 outside","color":"#000000","size":10,"haloColor":"#ffffff","haloWidth":1}]}]}}},
{"type":"Feature","geometry":{"type":"Point","coordinates":[3886922.2,3672085.2]},"properties":{"SETL_CODE":969,"שם ישוב":"עטאוונה שבט","ריכוז":1,"reason":"kalpi point outside all neighborhoods","mismatch_type":"outside","color":"#f2c254","style":{"name":"mismatch_style","rules":[{"name":"Mismatch","symbolizers":[{"kind":"Fill","color":"#f2c254","opacity":0.5,"outlineColor":"#f2c254","outlineWidth":2},{"kind":"Mark","wellKnownName":"circle","color":"#f2c254","radius":6,"opacity":0.5,"fillOpacity":0.5,"strokeColor":"#000000","strokeWidth":1},{"kind":"Text","label":"969 outside","color":"#000000","size":10,"haloColor":"#ffffff","haloWidth":1}]}]}}},
{"type":"Feature","geometry":{"type":"Point","coordinates":[3907862.7,3669724.1]},"properties":{"SETL_CODE":976,"שם ישוב":"גנאביב שבט","ריכוז":1,"reason":"kalpi point outside all neighborhoods","mismatch_type":"outside","color":"#9454f2","style":{"name":"mismatch_style","rules":[{"name":"Mismatch","symbolizers":[{"kind":"Fill","color":"#9454f2","opacity":0.5,"outlineColor":"#9454f2","outlineWidth":2},{"kind":"Mark","wellKnownName":"circle","color":"#9454f2","radius":6,"opacity":0.5,"fillOpacity":0.5,"strokeColor":"#000000","strokeWidth":1},{"kind":"Text","label":"976 outside","color":"#000000","size":10,"haloColor":"#ffffff","haloWidth":1}]}]}}},
{"type":"Feature","geometry":{"type":"Point","coordinates":[3917310.85,3861965.85]},"properties":{"SETL_CODE":978,"שם ישוב":"כעביהטבאשחגאגרה","ריכוז":4,"reason":"no kalpi point for this (settlement, rikuz)","mismatch_type":"mismatch","color":"#54f266","style":{"name":"mismatch_style","rules":[{"name":"Mismatch","symbolizers":[{"kind":"Fill","color":"#54f266","opacity":0.5,"outlineColor":"#54f266","outlineWidth":2},{"kind":"Mark","wellKnownName":"circle","color":"#54f266","radius":6,"opacity":0.5,"fillOpacity":0.5,"strokeColor":"#000000","strokeWidth":1},{"kind":"Text","label":"978 mismatch","color":"#000000","size":10,"haloColor":"#ffffff","haloWidth":1}]}]}}},
{"type":"Feature","geometry":{"type":"Point","coordinates":[3917750.1,3856337.7]},"properties":{"SETL_CODE":994,"שם ישוב":"מנשית זבדה","ריכוז":1,"reason":"kalpi point outside all neighborhoods","mismatch_type":"outside","color":"#f25470","style":{"name":"mismatch_style","rules":[{"name":"Mismatch","symbolizers":[{"kind":"Fill","color":"#f25470","opacity":0.5,"outlineColor":"#f25470","outlineWidth":2},{"kind":"Mark","wellKnownName":"circle","color":"#f25470","radius":6,"opacity":0.5,"fillOpacity":0.5,"strokeColor":"#000000","strokeWidth":1},{"kind":"Text","label":"994 outside","color":"#000000","size":10,"haloColor":"#ffffff","haloWidth":1}]}]}}},
{"type":"Feature","geometry":{"type":"Point","coordinates":[3917750.1,3856337.7]},"properties":{"SETL_CODE":994,"שם ישוב":"מנשית זבדה","ריכוז":1,"reason":"kalpi point outside all neighborhoods","mismatch_type":"outside","color":"#f25470","style":{"name":"mismatch_style","rules":[{"name":"Mismatch","symbolizers":[{"kind":"Fill","color":"#f25470","opacity":0.5,"outlineColor":"#f25470","outlineWidth":2},{"kind":"Mark","wellKnownName":"circle","color":"#f25470","radius":6,"opacity":0.5,"fillOpacity":0.5,"strokeColor":"#000000","strokeWidth":1},{"kind":"Text","label":"994 outside","color":"#000000","size":10,"haloColor":"#ffffff","haloWidth":1}]}]}}},
{"type":"Feature","geometry":{"type":"Point","coordinates":[3887397.388888889,3830109.6666666665]},"properties":{"SETL_CODE":1020,"שם ישוב":"אור עקיבא","ריכוז":12,"reason":"no kalpi point for this (settlement, rikuz)","mismatch_type":"mismatch","color":"#549ef2","style":{"name":"mismatch_style","rules":[{"name":"Mismatch","symbolizers":[{"kind":"Fill","color":"#549ef2","opacity":0.5,"outlineColor":"#549ef2","outlineWidth":2},{"kind":"Mark","wellKnownName":"circle","color":"#549ef2","radius":6,"opacity":0.5,"fillOpacity":0.5,"strokeColor":"#000000","strokeWidth":1},{"kind":"Text","label":"1020 mismatch","color":"#000000","size":10,"haloColor":"#ffffff","haloWidth":1}]}]}}},
{"type":"Feature","geometry":{"type":"Point","coordinates":[3881098.6,3793258.65]},"properties":{"SETL_CODE":1024,"שם ישוב":"חרוצים","ריכוז":2,"reason":"no kalpi point for this (settlement, rikuz)","mismatch_type":"mismatch","color":"#ccf254","style":{"name":"mismatch_style","rules":[{"name":"Mismatch","symbolizers":[{"kind":"Fill","color":"#ccf254","opacity":0.5,"outlineColor":"#ccf254","outlineWidth":2},{"kind":"Mark","wellKnownName":"circle","color":"#ccf254","radius":6,"opacity":0.5,"fillOpacity":0.5,"strokeColor":"#000000","strokeWidth":1},{"kind":"Text","label":"1024 mismatch","color":"#000000","size":10,"haloColor":"#ffffff","haloWidth":1}]}]}}},
{"type":"Feature","geometry":{"type":"Point","coordinates":[3899782.9,3664758.6]},"properties":{"SETL_CODE":1041,"שם ישוב":"נצאצרה שבט","ריכוז":1,"reason":"kalpi point outside all neighborhoods","mismatch_type":"outside","color":"#ea54f2","style":{"name":"mismatch_style","rules":[{"name":"Mismatch","symbolizers":[{"kind":"Fill","color":"#ea54f2","opacity":0.5,"outlineColor":"#ea54f2","outlineWidth":2},{"kind":"Mark","wellKnownName":"circle","color":"#ea54f2","radius":6,"opacity":0.5,"fillOpacity":0.5,"strokeColor":"#000000","strokeWidth":1},{"kind":"Text","label":"1041 outside","color":"#000000","size":10,"haloColor":"#ffffff","haloWidth":1}]}]}}},
{"type":"Feature","geometry":{"type":"Point","coordinates":[3892442.35,3798506.0]},"properties":{"SETL_CODE":1044,"שם ישוב":"יעף","ריכוז":1,"reason":"no kalpi point for this (settlement, rikuz)","mismatch_type":"mismatch","color":"#54f2bc","style":{"name":"mismatch_style","rules":[{"name":"Mismatch","symbolizers":[{"kind":"Fill","color":"#54f2bc","opacity":0.5,"outlineColor":"#54f2bc","outlineWidth":2},{"kind":"Mark","wellKnownName":"circle","color":"#54f2bc","radius":6,"opacity":0.5,"fillOpacity":0.5,"strokeColor":"#000000","strokeWidth":1},{"kind":"Text","label":"1044 mismatch","color":"#000000","size":10,"haloColor":"#ffffff","haloWidth":1}]}]}}},
{"type":"Feature","geometry":{"type":"Point","coordinates":[3931170.5,3906652.8]},"properties":{"SETL_CODE":1045,"שם ישוב":"שתולה","ריכוז":2,"reason":"no kalpi point for this (settlement, rikuz)","mismatch_type":"mismatch","color":"#f28e54","style":{"name":"mismatch_style","rules":[{"name":"Mismatch","symbolizers":[{"kind":"Fill","color":"#f28e54","opacity":0.5,"outlineColor":"#f28e54","outlineWidth":2},{"kind":"Mark","wellKnownName":"circle","color":"#f28e54","radius":6,"opacity":0.5,"fillOpacity":0.5,"strokeColor":"#000000","strokeWidth":1},{"kind":"Text","label":"1045 mismatch","color":"#000000","size":10,"haloColor":"#ffffff","haloWidth":1}]}]}}},
{"type":"Feature","geometry":{"type":"Point","coordinates":[3940017.8499999996,3882732.3]},"properties":{"SETL_CODE":1047,"שם ישוב":"חזון","ריכוז":1,"reason":"no kalpi point for this (settlement, rikuz)","mismatch_type":"mismatch","color":"#6054f2","style":{"name":"mismatch_style","rules":[{"name":"Mismatch","symbolizers":[{"kind":"Fill","color":"#6054f2","opacity":0.5,"outlineColor":"#6054f2","outlineWidth":2},{"kind":"Mark","wellKnownName":"circle","color":"#6054f2","radius":6,"opacity":0.5,"fillOpacity":0.5,"strokeColor":"#000000","strokeWidth":1},{"kind":"Text","label":"1047 mismatch","color":"#000000","size":10,"haloColor":"#ffffff","haloWidth":1}]}]}}},
{"type":"Feature","geometry":{"type":"Point","coordinates":[3906412.2,3623153.9]},"properties":{"SETL_CODE":1059,"שם ישוב":"כסיפה","ריכוז":8,"reason":"kalpi point outside all neighborhoods","mismatch_type":"outside","color":"#77f254","style":{"name":"mismatch_style","rules":[{"name":"Mismatch","symbolizers":[{"kind":"Fill","color":"#77f254","opacity":0.5,"outlineColor":"#77f254","outlineWidth":2},{"kind":"Mark","wellKnownName":"circle","color":"#77f254","radius":6,"opacity":0.5,"fillOpacity":0.5,"strokeColor":"#000000","strokeWidth":1},{"kind":"Text","label":"1059 outside","color":"#000000","size":10,"haloColor":"#ffffff","haloWidth":1}]}]}}},
{"type":"Feature","geometry":{"type":"Point","coordinates":[3906412.2,3623153.9]},"properties":{"SETL_CODE":1059,"שם ישוב":"כסיפה","ריכוז":8,"reason":"kalpi point outside all neighborhoods","mismatch_type":"outside","color":"#77f254","style":{"name":"mismatch_style","rules":[{"name":"Mismatch","symbolizers":[{"kind":"Fill","color":"#77f254","opacity":0.5,"outlineColor":"#77f254","outlineWidth":2},{"kind":"Mark","wellKnownName":"circle","color":"#77f254","radius":6,"opacity":0.5,"fillOpacity":0.5,"strokeColor":"#000000","strokeWidth":1},{"kind":"Text","label":"1059 outside","color":"#000000","size":10,"haloColor":"#ffffff","haloWidth":1}]}]}}},
{"type":"Feature","geometry":{"type":"Point","coordinates":[3927043.708823529,3896864.1470588236]},"properties":{"SETL_CODE":1063,"שם ישוב":"מעלותתרשיחא","ריכוז":21,"reason":"no kalpi point for this (settlement, rikuz)","mismatch_type":"mismatch","color":"#f254a5","style":{"name":"mismatch_style","rules":[{"name":"Mismatch","symbolizers":[{"kind":"Fill","color":"#f254a5","opacity":0.5,"outlineColor":"#f254a5","outlineWidth":2},{"kind":"Mark","wellKnownName":"circle","color":"#f254a5","radius":6,"opacity":0.5,"fillOpacity":0.5,"strokeColor":"#000000","strokeWidth":1},{"kind":"Text","label":"1063 mismatch","color":"#000000","size":10,"haloColor":"#ffffff","haloWidth":1}]}]}}},
{"type":"Feature","geometry":{"type":"Point","coordinates":[3927043.708823529,3896864.1470588236]},"properties":{"SETL_CODE":1063,"שם ישוב":"מעלותתרשיחא","ריכוז":25,"reason":"no kalpi point for this (settlement, rikuz)","mismatch_type":"mismatch","color":"#f254a5","style":{"name":"mismatch_style","rules":[{"name":"Mismatch","symbolizers":[{"kind":"Fill","color":"#f254a5","opacity":0.5,"outlineColor":"#f254a5","outlineWidth":2},{"kind":"Mark","wellKnownName":"circle","color":"#f254a5","radius":6,"opacity":0.5,"fillOpacity":0.5,"strokeColor":"#000000","strokeWidth":1},{"kind":"Text","label":"1063 mismatch","color":"#000000","size":10,"haloColor":"#ffffff","haloWidth":1}]}]}}},
{"type":"Feature","geometry":{"type":"Point","coordinates":[3674840.5,3006754.1]},"properties":{"SETL_CODE":1063,"שם ישוב":"מעלותתרשיחא","ריכוז":33,"reason":"kalpi point outside all neighborhoods","mismatch_type":"outside","color":"#f254a5","style":{"name":"mismatch_style","rules":[{"name":"Mismatch","symbolizers":[{"kind":"Fill","color":"#f254a5","opacity":0.5,"outlineColor":"#f254a5","outlineWidth":2},{"kind":"Mark","wellKnownName":"circle","color":"#f254a5","radius":6,"opacity":0.5,"fillOpacity":0.5,"strokeColor":"#000000","strokeWidth":1},{"kind":"Text","label":"1063 outside","color":"#000000","size":10,"haloColor":"#ffffff","haloWidth":1}]}]}}},
{"type":"Feature","geometry":{"type":"Point","coordinates":[3869242.65,3735947.9]},"properties":{"SETL_CODE":1066,"שם ישוב":"בני עיש","ריכוז":3,"reason":"no kalpi point for this (settlement, rikuz)","mismatch_type":"mismatch","color":"#54d3f2","style":{"name":"mismatch_style","rules":[{"name":"Mismatch","symbolizers":[{"kind":"Fill","color":"#54d3f2","opacity":0.5,"outlineColor":"#54d3f2","outlineWidth":2},{"kind":"Mark","wellKnownName":"circle","color":"#54d3f2","radius":6,"opacity":0.5,"fillOpacity":0.5,"strokeColor":"#000000","strokeWidth":1},{"kind":"Text","label":"1066 mismatch","color":"#000000","size":10,"haloColor":"#ffffff","haloWidth":1}]}]}}},
{"type":"Feature","geometry":{"type":"Point","coordinates":[3869242.65,3735947.9]},"properties":{"SETL_CODE":1066,"שם ישוב":"בני עיש","ריכוז":8,"reason":"no kalpi point for this (settlement, rikuz)","mismatch_type":"mismatch","color":"#54d3f2","style":{"name":"mismatch_style","rules":[{"name":"Mismatch","symbolizers":[{"kind":"Fill","color":"#54d3f2","opacity":0.5,"outlineColor":"#54d3f2","outlineWidth":2},{"kind":"Mark","wellKnownName":"circle","color":"#54d3f2","radius":6,"opacity":0.5,"fillOpacity":0.5,"strokeColor":"#000000","strokeWidth":1},{"kind":"Text","label":"1066 mismatch","color":"#000000","size":10,"haloColor":"#ffffff","haloWidth":1}]}]}}},
{"type":"Feature","geometry":{"type":"Point","coordinates":[3862727.9,3738174.7]},"properties":{"SETL_CODE":1072,"שם ישוב":"גן הדרום","ריכוז":1,"reason":"kalpi point outside all neighborhoods","mismatch_type":"outside","color":"#f2e354","style":{"name":"mismatch_style","rules":[{"name":"Mismatch","symbolizers":[{"kind":"Fill","color":"#f2e354","opacity":0.5,"outlineColor":"#f2e354","outlineWidth":2},{"kind":"Mark","wellKnownName":"circle","color":"#f2e354","radius":6,"opacity":0.5,"fillOpacity":0.5,"strokeColor":"#000000","strokeWidth":1},{"kind":"Text","label":"1072 outside","color":"#000000","size":10,"haloColor":"#ffffff","haloWidth":1}]}]}}},
{"type":"Feature","geometry":{"type":"Point","coordinates":[3928787.7,3905230.95]},"properties":{"SETL_CODE":1081,"שם ישוב":"אבן מנחם","ריכוז":1,"reason":"no kalpi point for this (settlement, rikuz)","mismatch_type":"mismatch","color":"#b554f2","style":{"name":"mismatch_style","rules":[{"name":"Mismatch","symbolizers":[{"kind":"Fill","color":"#b554f2","opacity":0.5,"outlineColor":"#b554f2","outlineWidth":2},{"kind":"Mark","wellKnownName":"circle","color":"#b554f2","radius":6,"opacity":0.5,"fillOpacity":0.5,"strokeColor":"#000000","strokeWidth":1},{"kind":"Text","label":"1081 mismatch","color":"#000000","size":10,"haloColor":"#ffffff","haloWidth":1}]}]}}},
{"type":"Feature","geometry":{"type":"Point","coordinates":[3863762.6500000004,3723377.2]},"properties":{"SETL_CODE":1098,"שם ישוב":"מרכז שפירא","ריכוז":1,"reason":"no kalpi point for this (settlement, rikuz)","mismatch_type":"mismatch","color":"#54f287","style":{"name":"mismatch_style","rules":[{"name":"Mismatch","symbolizers":[{"kind":"Fill","color":"#54f287","opacity":0.5,"outlineColor":"#54f287","outlineWidth":2},{"kind":"Mark","wellKnownName":"circle","color":"#54f287","radius":6,"opacity":0.5,"fillOpacity":0.5,"strokeColor":"#000000","strokeWidth":1},{"kind":"Text","label":"1098 mismatch","color":"#000000","size":10,"haloColor":"#ffffff","haloWidth":1}]}]}}},
{"type":"Feature","geometry":{"type":"Point","coordinates":[3957054.7,3857905.9]},"properties":{"SETL_CODE":1104,"שם ישוב":"פוריה  כפר עבודה","ריכוז":1,"reason":"no kalpi point for this (settlement, rikuz)","mismatch_type":"mismatch","color":"#f25954","style":{"name":"mismatch_style","rules":[{"name":"Mismatch","symbolizers":[{"kind":"Fill","color":"#f25954","opacity":0.5,"outlineColor":"#f25954","outlineWidth":2},{"kind":"Mark","wellKnownName":"circle","color":"#f25954","radius":6,"opacity":0.5,"fillOpacity":0.5,"strokeColor":"#000000","strokeWidth":1},{"kind":"Text","label":"1104 mismatch","color":"#000000","size":10,"haloColor":"#ffffff","haloWidth":1}]}]}}},
{"type":"Feature","geometry":{"type":"Point","coordinates":[3955915.0,3861269.3]},"properties":{"SETL_CODE":1105,"שם ישוב":"פוריה  נווה עובד","ריכוז":1,"reason":"kalpi point outside all neighborhoods","mismatch_type":"outside","color":"#547df2","style":{"name":"mismatch_style","rules":[{"name":"Mismatch","symbolizers":[{"kind":"Fill","color":"#547df2","opacity":0.5,"outlineColor":"#547df2","outlineWidth":2},{"kind":"Mark","wellKnownName":"circle","color":"#547df2","radius":6,"opacity":0.5,"fillOpacity":0.5,"strokeColor":"#000000","strokeWidth":1},{"kind":"Text","label":"1105 outside","color":"#000000","size":10,"haloColor":"#ffffff","haloWidth":1}]}]}}},
{"type":"Feature","geometry":{"type":"Point","coordinates":[3955915.0,3861269.3]},"properties":{"SETL_CODE":1105,"שם ישוב":"פוריה  נווה עובד","ריכוז":1,"reason":"kalpi point outside all neighborhoods","mismatch_type":"outside","color":"#547df2","style":{"name":"mismatch_style","rules":[{"name":"Mismatch","symbolizers":[{"kind":"Fill","color":"#547df2","opacity":0.5,"outlineColor":"#547df2","outlineWidth":2},{"kind":"Mark","wellKnownName":"circle","color":"#547df2","radius":6,"opacity":0.5,"fillOpacity":0.5,"strokeColor":"#000000","strokeWidth":1},{"kind":"Text","label":"1105 outside","color":"#000000","size":10,"haloColor":"#ffffff","haloWidth":1}]}]}}},
{"type":"Feature","geometry":{"type":"Point","coordinates":[3923197.95,3837490.9000000004]},"properties":{"SETL_CODE":1108,"שם ישוב":"אומן","ריכוז":1,"reason":"no kalpi point for this (settlement, rikuz)","mismatch_type":"mismatch","color":"#abf254","style":{"name":"mismatch_style","rules":[{"name":"Mismatch","symbolizers":[{"kind":"Fill","color":"#abf254","opacity":0.5,"outlineColor":"#abf254","outlineWidth":2},{"kind":"Mark","wellKnownName":"circle","color":"#abf254","radius":6,"opacity":0.5,"fillOpacity":0.5,"strokeColor":"#000000","strokeWidth":1},{"kind":"Text","label":"1108 mismatch","color":"#000000","size":10,"haloColor":"#ffffff","haloWidth":1}]}]}}},
{"type":"Feature","geometry":{"type":"Point","coordinates":[3831721.7,3663424.7]},"properties":{"SETL_CODE":1136,"שם ישוב":"צוחר","ריכוז":1,"reason":"kalpi point outside all neighborhoods","mismatch_type":"outside","color":"#f254d9","style":{"name":"mismatch_style","rules":[{"name":"Mismatch","symbolizers":[{"kind":"Fill","color":"#f254d9","opacity":0.5,"outlineColor":"#f254d9","outlineWidth":2},{"kind":"Mark","wellKnownName":"circle","color":"#f254d9","radius":6,"opacity":0.5,"fillOpacity":0.5,"strokeColor":"#000000","strokeWidth":1},{"kind":"Text","label":"1136 outside","color":"#000000","size":10,"haloColor":"#ffffff","haloWidth":1}]}]}}},
{"type":"Feature","geometry":{"type":"Point","coordinates":[3928777.3,3883564.1]},"properties":{"SETL_CODE":1139,"שם ישוב":"כרמיאל","ריכוז":10,"reason":"kalpi point outside all neighborhoods","mismatch_type":"outside","color":"#54f2dc","style":{"name":"mismatch_style","rules":[{"name":"Mismatch","symbolizers":[{"kind":"Fill","color":"#54f2dc","opacity":0.5,"outlineColor":"#54f2dc","outlineWidth":2},{"kind":"Mark","wellKnownName":"circle","color":"#54f2dc","radius":6,"opacity":0.5,"fillOpacity":0.5,"strokeColor":"#000000","strokeWidth":1},{"kind":"Text","label":"1139 outside","color":"#000000","size":10,"haloColor":"#ffffff","haloWidth":1}]}]}}},
{"type":"Feature","geometry":{"type":"Point","coordinates":[3928777.3,3883564.1]},"properties":{"SETL_CODE":1139,"שם ישוב":"כרמיאל","ריכוז":10,"reason":"kalpi point outside all neighborhoods","mismatch_type":"outside","color":"#54f2dc","style":{"name":"mismatch_style","rules":[{"name":"Mismatch","symbolizers":[{"kind":"Fill","color":"#54f2dc","opacity":0.5,"outlineColor":"#54f2dc","outlineWidth":2},{"kind":"Mark","wellKnownName":"circle","color":"#54f2dc","radius":6,"opacity":0.5,"fillOpacity":0.5,"strokeColor":"#000000","strokeWidth":1},{"kind":"Text","label":"1139 outside","color":"#000000","size":10,"haloColor":"#ffffff","haloWidth":1}]}]}}},
{"type":"Feature","geometry":{"type":"Point","coordinates":[3927450.4,3883497.0]},"properties":{"SETL_CODE":1139,"שם ישוב":"כרמיאל","ריכוז":27,"reason":"kalpi point outside all neighborhoods","mismatch_type":"outside","color":"#54f2dc","style":{"name":"mismatch_style","rules":[{"name":"Mismatch","symbolizers":[{"kind":"Fill","color":"#54f2dc","opacity":0.5,"outlineColor":"#54f2dc","outlineWidth":2},{"kind":"Mark","wellKnownName":"circle","color":"#54f2dc","radius":6,"opacity":0.5,"fillOpacity":0.5,"strokeColor":"#000000","strokeWidth":1},{"kind":"Text","label":"1139 outside","color":"#000000","size":10,"haloColor":"#ffffff","haloWidth":1}]}]}}},
{"type":"Feature","geometry":{"type":"Point","coordinates":[3927450.4,3883497.0]},"properties":{"SETL_CODE":1139,"שם ישוב":"כרמיאל","ריכוז":27,"reason":"kalpi point outside all neighborhoods","mismatch_type":"outside","color":"#54f2dc","style":{"name":"mismatch_style","rules":[{"name":"Mismatch","symbolizers":[{"kind":"Fill","color":"#54f2dc","opacity":0.5,"outlineColor":"#54f2dc","outlineWidth":2},{"kind":"Mark","wellKnownName":"circle","color":"#54f2dc","radius":6,"opacity":0.5,"fillOpacity":0.5,"strokeColor":"#000000","strokeWidth":1},{"kind":"Text","label":"1139 outside","color":"#000000","size":10,"haloColor":"#ffffff","haloWidth":1}]}]}}},
{"type":"Feature","geometry":{"type":"Point","coordinates":[3927450.4,3883497.0]},"properties":{"SETL_CODE":1139,"שם ישוב":"כרמיאל","ריכוז":27,"reason":"kalpi point outside all neighborhoods","mismatch_type":"outside","color":"#54f2dc","style":{"name":"mismatch_style","rules":[{"name":"Mismatch","symbolizers":[{"kind":"Fill","color":"#54f2dc","opacity":0.5,"outlineColor":"#54f2dc","outlineWidth":2},{"kind":"Mark","wellKnownName":"circle","color":"#54f2dc","radius":6,"opacity":0.5,"fillOpacity":0.5,"strokeColor":"#000000","strokeWidth":1},{"kind":"Text","label":"1139 outside","color":"#000000","size":10,"haloColor":"#ffffff","haloWidth":1}]}]}}},
{"type":"Feature","geometry":{"type":"Point","coordinates":[3928833.2809523814,3883689.9285714286]},"properties":{"SETL_CODE":1139,"שם ישוב":"כרמיאל","ריכוז":34,"reason":"no kalpi point for this (settlement, rikuz)","mismatch_type":"mismatch","color":"#54f2dc","style":{"name":"mismatch_style","rules":[{"name":"Mismatch","symbolizers":[{"kind":"Fill","color":"#54f2dc","opacity":0.5,"outlineColor":"#54f2dc","outlineWidth":2},{"kind":"Mark","wellKnownName":"circle","color":"#54f2dc","radius":6,"opacity":0.5,"fillOpacity":0.5,"strokeColor":"#000000","strokeWidth":1},{"kind":"Text","label":"1139 mismatch","color":"#000000","size":10,"haloColor":"#ffffff","haloWidth":1}]}]}}},
{"type":"Feature","geometry":{"type":"Point","coordinates":[3909658.75,3890794.0999999996]},"properties":{"SETL_CODE":1143,"שם ישוב":"נס עמים","ריכוז":1,"reason":"no kalpi point for this (settlement, rikuz)","mismatch_type":"mismatch","color":"#f2ae54","style":{"name":"mismatch_style","rules":[{"name":"Mismatch","symbolizers":[{"kind":"Fill","color":"#f2ae54","opacity":0.5,"outlineColor":"#f2ae54","outlineWidth":2},{"kind":"Mark","wellKnownName":"circle","color":"#f2ae54","radius":6,"opacity":0.5,"fillOpacity":0.5,"strokeColor":"#000000","strokeWidth":1},{"kind":"Text","label":"1143 mismatch","color":"#000000","size":10,"haloColor":"#ffffff","haloWidth":1}]}]}}},
{"type":"Feature","geometry":{"type":"Point","coordinates":[3867552.75,3717698.2]},"properties":{"SETL_CODE":1145,"שם ישוב":"אלומה","ריכוז":2,"reason":"no kalpi point for this (settlement, rikuz)","mismatch_type":"mismatch","color":"#8054f2","style":{"name":"mismatch_style","rules":[{"name":"Mismatch","symbolizers":[{"kind":"Fill","color":"#8054f2","opacity":0.5,"outlineColor":"#8054f2","outlineWidth":2},{"kind":"Mark","wellKnownName":"circle","color":"#8054f2","radius":6,"opacity":0.5,"fillOpacity":0.5,"strokeColor":"#000000","strokeWidth":1},{"kind":"Text","label":"1145 mismatch","color":"#000000","size":10,"haloColor":"#ffffff","haloWidth":1}]}]}}},
{"type":"Feature","geometry":{"type":"Point","coordinates":[3840841.4,3691640.0]},"properties":{"SETL_CODE":1146,"שם ישוב":"עלומים","ריכוז":2,"reason":"kalpi point outside all neighborhoods","mismatch_type":"outside","color":"#56f254","style":{"name":"mismatch_style","rules":[{"name":"Mismatch","symbolizers":[{"kind":"Fill","color":"#56f254","opacity":0.5,"outlineColor":"#56f254","outlineWidth":2},{"kind":"Mark","wellKnownName":"circle","color":"#56f254","radius":6,"opacity":0.5,"fillOpacity":0.5,"strokeColor":"#000000","strokeWidth":1},{"kind":"Text","label":"1146 outside","color":"#000000","size":10,"haloColor":"#ffffff","haloWidth":1}]}]}}},
{"type":"Feature","geometry":{"type":"Point","coordinates":[3897575.6500000004,3794960.15]},"properties":{"SETL_CODE":1148,"שם ישוב":"צור נתן","ריכוז":2,"reason":"no kalpi point for this (settlement, rikuz)","mismatch_type":"mismatch","color":"#f25484","style":{"name":"mismatch_style","rules":[{"name":"Mismatch","symbolizers":[{"kind":"Fill","color":"#f25484","opacity":0.5,"outlineColor":"#f25484","outlineWidth":2},{"kind":"Mark","wellKnownName":"circle","color":"#f25484","radius":6,"opacity":0.5,"fillOpacity":0.5,"strokeColor":"#000000","strokeWidth":1},{"kind":"Text","label":"1148 mismatch","color":"#000000","size":10,"haloColor":"#ffffff","haloWidth":1}]}]}}},
{"type":"Feature","geometry":{"type":"Point","coordinates":[3862773.41,3628086.7]},"properties":{"SETL_CODE":1152,"שם ישוב":"אשלים","ריכוז":1,"reason":"no kalpi point for this (settlement, rikuz)","mismatch_type":"mismatch","color":"#54b2f2","style":{"name":"mismatch_style","rules":[{"name":"Mismatch","symbolizers":[{"kind":"Fill","color":"#54b2f2","opacity":0.5,"outlineColor":"#54b2f2","outlineWidth":2},{"kind":"Mark","wellKnownName":"circle","color":"#54b2f2","radius":6,"opacity":0.5,"fillOpacity":0.5,"strokeColor":"#000000","strokeWidth":1},{"kind":"Text","label":"1152 mismatch","color":"#000000","size":10,"haloColor":"#ffffff","haloWidth":1}]}]}}},
{"type":"Feature","geometry":{"type":"Point","coordinates":[3930335.6,3831796.05]},"properties":{"SETL_CODE":1155,"שם ישוב":"מגן שאול","ריכוז":1,"reason":"no kalpi point for this (settlement, rikuz)","mismatch_type":"mismatch","color":"#e0f254","style":{"name":"mismatch_style","rules":[{"name":"Mismatch","symbolizers":[{"kind":"Fill","color":"#e0f254","opacity":0.5,"outlineColor":"#e0f254","outlineWidth":2},{"kind":"Mark","wellKnownName":"circle","color":"#e0f254","radius":6,"opacity":0.5,"fillOpacity":0.5,"strokeColor":"#000000","strokeWidth":1},{"kind":"Text","label":"1155 mismatch","color":"#000000","size":10,"haloColor":"#ffffff","haloWidth":1}]}]}}},
{"type":"Feature","geometry":{"type":"Point","coordinates":[3870472.1,3729791.0]},"properties":{"SETL_CODE":1157,"שם ישוב":"אחווה","ריכוז":1,"reason":"no kalpi point for this (settlement, rikuz)","mismatch_type":"mismatch","color":"#d554f2","style":{"name":"mismatch_style","rules":[{"name":"Mismatch","symbolizers":[{"kind":"Fill","color":"#d554f2","opacity":0.5,"outlineColor":"#d554f2","outlineWidth":2},{"kind":"Mark","wellKnownName":"circle","color":"#d554f2","radius":6,"opacity":0.5,"fillOpacity":0.5,"strokeColor":"#000000","strokeWidth":1},{"kind":"Text","label":"1157 mismatch","color":"#000000","size":10,"haloColor":"#ffffff","haloWidth":1}]}]}}},
{"type":"Feature","geometry":{"type":"Point","coordinates":[3920573.8,3863579.5]},"properties":{"SETL_CODE":1182,"שם ישוב":"אלון הגליל","ריכוז":2,"reason":"no kalpi point for this (settlement, rikuz)","mismatch_type":"mismatch","color":"#54f2a8","style":{"name":"mismatch_style","rules":[{"name":"Mismatch","symbolizers":[{"kind":"Fill","color":"#54f2a8","opacity":0.5,"outlineColor":"#54f2a8","outlineWidth":2},{"kind":"Mark","wellKnownName":"circle","color":"#54f2a8","radius":6,"opacity":0.5,"fillOpacity":0.5,"strokeColor":"#000000","strokeWidth":1},{"kind":"Text","label":"1182 mismatch","color":"#000000","size":10,"haloColor":"#ffffff","haloWidth":1}]}]}}},
{"type":"Feature","geometry":{"type":"Point","coordinates":[3918524.95,3892816.95]},"properties":{"SETL_CODE":1183,"שם ישוב":"כליל","ריכוז":1,"reason":"no kalpi point for this (settlement, rikuz)","mismatch_type":"mismatch","color":"#f27a54","style":{"name":"mismatch_style","rules":[{"name":"Mismatch","symbolizers":[{"kind":"Fill","color":"#f27a54","opacity":0.5,"outlineColor":"#f27a54","outlineWidth":2},{"kind":"Mark","wellKnownName":"circle","color":"#f27a54","radius":6,"opacity":0.5,"fillOpacity":0.5,"strokeColor":"#000000","strokeWidth":1},{"kind":"Text","label":"1183 mismatch","color":"#000000","size":10,"haloColor":"#ffffff","haloWidth":1}]}]}}},
{"type":"Feature","geometry":{"type":"Point","coordinates":[3674840.5,3006754.1]},"properties":{"SETL_CODE":1192,"שם ישוב":"ערערהבנגב","ריכוז":12,"reason":"kalpi point outside all neighborhoods","mismatch_type":"outside","color":"#545df2","style":{"name":"mismatch_style","rules":[{"name":"Mismatch","symbolizers":[{"kind":"Fill","color":"#545df2","opacity":0.5,"outlineColor":"#545df2","outlineWidth":2},{"kind":"Mark","wellKnownName":"circle","color":"#545df2","radius":6,"opacity":0.5,"fillOpacity":0.5,"strokeColor":"#000000","strokeWidth":1},{"kind":"Text","label":"1192 outside","color":"#000000","size":10,"haloColor":"#ffffff","haloWidth":1}]}]}}},
{"type":"Feature","geometry":{"type":"Point","coordinates":[3674840.5,3006754.1]},"properties":{"SETL_CODE":1192,"שם ישוב":"ערערהבנגב","ריכוז":12,"reason":"kalpi point outside all neighborhoods","mismatch_type":"outside","color":"#545df2","style":{"name":"mismatch_style","rules":[{"name":"Mismatch","symbolizers":[{"kind":"Fill","color":"#545df2","opacity":0.5,"outlineColor":"#545df2","outlineWidth":2},{"kind":"Mark","wellKnownName":"circle","color":"#545df2","radius":6,"opacity":0.5,"fillOpacity":0.5,"strokeColor":"#000000","strokeWidth":1},{"kind":"Text","label":"1192 outside","color":"#000000","size":10,"haloColor":"#ffffff","haloWidth":1}]}]}}},
{"type":"Feature","geometry":{"type":"Point","coordinates":[3899936.2,3510027.3]},"properties":{"SETL_CODE":1197,"שם ישוב":"נאות סמדר","ריכוז":1,"reason":"kalpi point outside all neighborhoods","mismatch_type":"outside","color":"#8bf254","style":{"name":"mismatch_style","rules":[{"name":"Mismatch","symbolizers":[{"kind":"Fill","color":"#8bf254","opacity":0.5,"outlineColor":"#8bf254","outlineWidth":2},{"kind":"Mark","wellKnownName":"circle","color":"#8bf254","radius":6,"opacity":0.5,"fillOpacity":0.5,"strokeColor":"#000000","strokeWidth":1},{"kind":"Text","label":"1197 outside","color":"#000000","size":10,"haloColor":"#ffffff","haloWidth":1}]}]}}},
{"type":"Feature","geometry":{"type":"Point","coordinates":[3932601.8,3882921.5]},"properties":{"SETL_CODE":1202,"שם ישוב":"מכמנים","ריכוז":1,"reason":"no kalpi point for this (settlement, rikuz)","mismatch_type":"mismatch","color":"#f254b9","style":{"name":"mismatch_style","rules":[{"name":"Mismatch","symbolizers":[{"kind":"Fill","color":"#f254b9","opacity":0.5,"outlineColor":"#f254b9","outlineWidth":2},{"kind":"Mark","wellKnownName":"circle","color":"#f254b9","radius":6,"opacity":0.5,"fillOpacity":0.5,"strokeColor":"#000000","strokeWidth":1},{"kind":"Text","label":"1202 mismatch","color":"#000000","size":10,"haloColor":"#ffffff","haloWidth":1}]}]}}},
{"type":"Feature","geometry":{"type":"Point","coordinates":[3923369.65,3900151.8]},"properties":{"SETL_CODE":1208,"שם ישוב":"הילה","ריכוז":1,"reason":"no kalpi point for this (settlement, rikuz)","mismatch_type":"mismatch","color":"#54e7f2","style":{"name":"mismatch_style","rules":[{"name":"Mismatch","symbolizers":[{"kind":"Fill","color":"#54e7f2","opacity":0.5,"outlineColor":"#54e7f2","outlineWidth":2},{"kind":"Mark","wellKnownName":"circle","color":"#54e7f2","radius":6,"opacity":0.5,"fillOpacity":0.5,"strokeColor":"#000000","strokeWidth":1},{"kind":"Text","label":"1208 mismatch","color":"#000000","size":10,"haloColor":"#ffffff","haloWidth":1}]}]}}},
{"type":"Feature","geometry":{"type":"Point","coordinates":[3918512.9,3873443.2]},"properties":{"SETL_CODE":1222,"שם ישוב":"מצפה אביב","ריכוז":2,"reason":"kalpi point outside all neighborhoods","mismatch_type":"outside","color":"#f2cf54","style":{"name":"mismatch_style","rules":[{"name":"Mismatch","symbolizers":[{"kind":"Fill","color":"#f2cf54","opacity":0.5,"outlineColor":"#f2cf54","outlineWidth":2},{"kind":"Mark","wellKnownName":"circle","color":"#f2cf54","radius":6,"opacity":0.5,"fillOpacity":0.5,"strokeColor":"#000000","strokeWidth":1},{"kind":"Text","label":"1222 outside","color":"#000000","size":10,"haloColor":"#ffffff","haloWidth":1}]}]}}},
{"type":"Feature","geometry":{"type":"Point","coordinates":[3821204.9000000004,3659629.35]},"properties":{"SETL_CODE":1227,"שם ישוב":"יתד","ריכוז":1,"reason":"no kalpi point for this (settlement, rikuz)","mismatch_type":"mismatch","color":"#a154f2","style":{"name":"mismatch_style","rules":[{"name":"Mismatch","symbolizers":[{"kind":"Fill","color":"#a154f2","opacity":0.5,"outlineColor":"#a154f2","outlineWidth":2},{"kind":"Mark","wellKnownName":"circle","color":"#a154f2","radius":6,"opacity":0.5,"fillOpacity":0.5,"strokeColor":"#000000","strokeWidth":1},{"kind":"Text","label":"1227 mismatch","color":"#000000","size":10,"haloColor":"#ffffff","haloWidth":1}]}]}}},
{"type":"Feature","geometry":{"type":"Point","coordinates":[3820248.3,3657271.0999999996]},"properties":{"SETL_CODE":1232,"שם ישוב":"יבול","ריכוז":1,"reason":"no kalpi point for this (settlement, rikuz)","mismatch_type":"mismatch","color":"#54f273","style":{"name":"mismatch_style","rules":[{"name":"Mismatch","symbolizers":[{"kind":"Fill","color":"#54f273","opacity":0.5,"outlineColor":"#54f273","outlineWidth":2},{"kind":"Mark","wellKnownName":"circle","color":"#54f273","radius":6,"opacity":0.5,"fillOpacity":0.5,"strokeColor":"#000000","strokeWidth":1},{"kind":"Text","label":"1232 mismatch","color":"#000000","size":10,"haloColor":"#ffffff","haloWidth":1}]}]}}},
{"type":"Feature","geometry":{"type":"Point","coordinates":[3920089.3,3662016.4]},"properties":{"SETL_CODE":1234,"שם ישוב":"קבועה שבט","ריכוז":1,"reason":"kalpi point outside all neighborhoods","mismatch_type":"outside","color":"#f25464","style":{"name":"mismatch_style","rules":[{"name":"Mismatch","symbolizers":[{"kind":"Fill","color":"#f25464","opacity":0.5,"outlineColor":"#f25464","outlineWidth":2},{"kind":"Mark","wellKnownName":"circle","color":"#f25464","radius":6,"opacity":0.5,"fillOpacity":0.5,"strokeColor":"#000000","strokeWidth":1},{"kind":"Text","label":"1234 outside","color":"#000000","size":10,"haloColor":"#ffffff","haloWidth":1}]}]}}},
{"type":"Feature","geometry":{"type":"Point","coordinates":[3920089.3,3662016.4]},"properties":{"SETL_CODE":1234,"שם ישוב":"קבועה שבט","ריכוז":1,"reason":"kalpi point outside all neighborhoods","mismatch_type":"outside","color":"#f25464","style":{"name":"mismatch_style","rules":[{"name":"Mismatch","symbolizers":[{"kind":"Fill","color":"#f25464","opacity":0.5,"outlineColor":"#f25464","outlineWidth":2},{"kind":"Mark","wellKnownName":"circle","color":"#f25464","radius":6,"opacity":0.5,"fillOpacity":0.5,"strokeColor":"#000000","strokeWidth":1},{"kind":"Text","label":"1234 outside","color":"#000000","size":10,"haloColor":"#ffffff","haloWidth":1}]}]}}},
{"type":"Feature","geometry":{"type":"Point","coordinates":[3834236.45,3669326.0]},"properties":{"SETL_CODE":1240,"שם ישוב":"עין הבשור","ריכוז":1,"reason":"no kalpi point for this (settlement, rikuz)","mismatch_type":"mismatch","color":"#5492f2","style":{"name":"mismatch_style","rules":[{"name":"Mismatch","symbolizers":[{"kind":"Fill","color":"#5492f2","opacity":0.5,"outlineColor":"#5492f2","outlineWidth":2},{"kind":"Mark","wellKnownName":"circle","color":"#5492f2","radius":6,"opacity":0.5,"fillOpacity":0.5,"strokeColor":"#000000","strokeWidth":1},{"kind":"Text","label":"1240 mismatch","color":"#000000","size":10,"haloColor":"#ffffff","haloWidth":1}]}]}}},
{"type":"Feature","geometry":{"type":"Point","coordinates":[3936549.9,3880981.1]},"properties":{"SETL_CODE":1245,"שם ישוב":"סלמה","ריכוז":1,"reason":"kalpi point outside all neighborhoods","mismatch_type":"outside","color":"#c0f254","style":{"name":"mismatch_style","rules":[{"name":"Mismatch","symbolizers":[{"kind":"Fill","color":"#c0f254","opacity":0.5,"outlineColor":"#c0f254","outlineWidth":2},{"kind":"Mark","wellKnownName":"circle","color":"#c0f254","radius":6,"opacity":0.5,"fillOpacity":0.5,"strokeColor":"#000000","strokeWidth":1},{"kind":"Text","label":"1245 outside","color":"#000000","size":10,"haloColor":"#ffffff","haloWidth":1}]}]}}},
{"type":"Feature","geometry":{"type":"Point","coordinates":[3936549.9,3880981.1]},"properties":{"SETL_CODE":1245,"שם ישוב":"סלמה","ריכוז":1,"reason":"kalpi point outside all neighborhoods","mismatch_type":"outside","color":"#c0f254","style":{"name":"mismatch_style","rules":[{"name":"Mismatch","symbolizers":[{"kind":"Fill","color":"#c0f254","opacity":0.5,"outlineColor":"#c0f254","outlineWidth":2},{"kind":"Mark","wellKnownName":"circle","color":"#c0f254","radius":6,"opacity":0.5,"fillOpacity":0.5,"strokeColor":"#000000","strokeWidth":1},{"kind":"Text","label":"1245 outside","color":"#000000","size":10,"haloColor":"#ffffff","haloWidth":1}]}]}}},
{"type":"Feature","geometry":{"type":"Point","coordinates":[3936549.9,3880981.1]},"properties":{"SETL_CODE":1245,"שם ישוב":"סלמה","ריכוז":1,"reason":"kalpi point outside all neighborhoods","mismatch_type":"outside","color":"#c0f254","style":{"name":"mismatch_style","rules":[{"name":"Mismatch","symbolizers":[{"kind":"Fill","color":"#c0f254","opacity":0.5,"outlineColor":"#c0f254","outlineWidth":2},{"kind":"Mark","wellKnownName":"circle","color":"#c0f254","radius":6,"opacity":0.5,"fillOpacity":0.5,"strokeColor":"#000000","strokeWidth":1},{"kind":"Text","label":"1245 outside","color":"#000000","size":10,"haloColor":"#ffffff","haloWidth":1}]}]}}},
{"type":"Feature","geometry":{"type":"Point","coordinates":[3936549.9,3880981.1]},"properties":{"SETL_CODE":1245,"שם ישוב":"סלמה","ריכוז":1,"reason":"kalpi point outside all neighborhoods","mismatch_type":"outside","color":"#c0f254","style":{"name":"mismatch_style","rules":[{"name":"Mismatch","symbolizers":[{"kind":"Fill","color":"#c0f254","opacity":0.5,"outlineColor":"#c0f254","outlineWidth":2},{"kind":"Mark","wellKnownName":"circle","color":"#c0f254","radius":6,"opacity":0.5,"fillOpacity":0.5,"strokeColor":"#000000","strokeWidth":1},{"kind":"Text","label":"1245 outside","color":"#000000","size":10,"haloColor":"#ffffff","haloWidth":1}]}]}}},
{"type":"Feature","geometry":{"type":"Point","coordinates":[3937455.7,3625438.4]},"properties":{"SETL_CODE":1251,"שם ישוב":"עין תמר","ריכוז":1,"reason":"kalpi point outside all neighborhoods","mismatch_type":"outside","color":"#f254ed","style":{"name":"mismatch_style","rules":[{"name":"Mismatch","symbolizers":[{"kind":"Fill","color":"#f254ed","opacity":0.5,"outlineColor":"#f254ed","outlineWidth":2},{"kind":"Mark","wellKnownName":"circle","color":"#f254ed","radius":6,"opacity":0.5,"fillOpacity":0.5,"strokeColor":"#000000","strokeWidth":1},{"kind":"Text","label":"1251 outside","color":"#000000","size":10,"haloColor":"#ffffff","haloWidth":1}]}]}}},
{"type":"Feature","geometry":{"type":"Point","coordinates":[3829164.55,3620248.9]},"properties":{"SETL_CODE":1280,"שם ישוב":"ניצני סיני","ריכוז":1,"reason":"no kalpi point for this (settlement, rikuz)","mismatch_type":"mismatch","color":"#54f2c8","style":{"name":"mismatch_style","rules":[{"name":"Mismatch","symbolizers":[{"kind":"Fill","color":"#54f2c8","opacity":0.5,"outlineColor":"#54f2c8","outlineWidth":2},{"kind":"Mark","wellKnownName":"circle","color":"#54f2c8","radius":6,"opacity":0.5,"fillOpacity":0.5,"strokeColor":"#000000","strokeWidth":1},{"kind":"Text","label":"1280 mismatch","color":"#000000","size":10,"haloColor":"#ffffff","haloWidth":1}]}]}}},
{"type":"Feature","geometry":{"type":"Point","coordinates":[3912316.9,3863460.9]},"properties":{"SETL_CODE":1284,"שם ישוב":"נופית","ריכוז":1,"reason":"kalpi point outside all neighborhoods","mismatch_type":"outside","color":"#f29a54","style":{"name":"mismatch_style","rules":[{"name":"Mismatch","symbolizers":[{"kind":"Fill","color":"#f29a54","opacity":0.5,"outlineColor":"#f29a54","outlineWidth":2},{"kind":"Mark","wellKnownName":"circle","color":"#f29a54","radius":6,"opacity":0.5,"fillOpacity":0.5,"strokeColor":"#000000","strokeWidth":1},{"kind":"Text","label":"1284 outside","color":"#000000","size":10,"haloColor":"#ffffff","haloWidth":1}]}]}}},
{"type":"Feature","geometry":{"type":"Point","coordinates":[3912316.9,3863460.9]},"properties":{"SETL_CODE":1284,"שם ישוב":"נופית","ריכוז":1,"reason":"kalpi point outside all neighborhoods","mismatch_type":"outside","color":"#f29a54","style":{"name":"mismatch_style","rules":[{"name":"Mismatch","symbolizers":[{"kind":"Fill","color":"#f29a54","opacity":0.5,"outlineColor":"#f29a54","outlineWidth":2},{"kind":"Mark","wellKnownName":"circle","color":"#f29a54","radius":6,"opacity":0.5,"fillOpacity":0.5,"strokeColor":"#000000","strokeWidth":1},{"kind":"Text","label":"1284 outside","color":"#000000","size":10,"haloColor":"#ffffff","haloWidth":1}]}]}}},
{"type":"Feature","geometry":{"type":"Point","coordinates":[3912316.9,3863460.9]},"properties":{"SETL_CODE":1284,"שם ישוב":"נופית","ריכוז":1,"reason":"kalpi point outside all neighborhoods","mismatch_type":"outside","color":"#f29a54","style":{"name":"mismatch_style","rules":[{"name":"Mismatch","symbolizers":[{"kind":"Fill","color":"#f29a54","opacity":0.5,"outlineColor":"#f29a54","outlineWidth":2},{"kind":"Mark","wellKnownName":"circle","color":"#f29a54","radius":6,"opacity":0.5,"fillOpacity":0.5,"strokeColor":"#000000","strokeWidth":1},{"kind":"Text","label":"1284 outside","color":"#000000","size":10,"haloColor":"#ffffff","haloWidth":1}]}]}}},
{"type":"Feature","geometry":{"type":"Point","coordinates":[3903779.5,3679013.7]},"properties":{"SETL_CODE":1287,"שם ישוב":"שני","ריכוז":1,"reason":"kalpi point outside all neighborhoods","mismatch_type":"outside","color":"#6c54f2","style":{"name":"mismatch_style","rules":[{"name":"Mismatch","symbolizers":[{"kind":"Fill","color":"#6c54f2","opacity":0.5,"outlineColor":"#6c54f2","outlineWidth":2},{"kind":"Mark","wellKnownName":"circle","color":"#6c54f2","radius":6,"opacity":0.5,"fillOpacity":0.5,"strokeColor":"#000000","strokeWidth":1},{"kind":"Text","label":"1287 outside","color":"#000000","size":10,"haloColor":"#ffffff","haloWidth":1}]}]}}},
{"type":"Feature","geometry":{"type":"Point","coordinates":[3923088.7,3858386.6]},"properties":{"SETL_CODE":1288,"שם ישוב":"גבעת אלה","ריכוז":2,"reason":"kalpi point outside all neighborhoods","mismatch_type":"outside","color":"#6af254","style":{"name":"mismatch_style","rules":[{"name":"Mismatch","symbolizers":[{"kind":"Fill","color":"#6af254","opacity":0.5,"outlineColor":"#6af254","outlineWidth":2},{"kind":"Mark","wellKnownName":"circle","color":"#6af254","radius":6,"opacity":0.5,"fillOpacity":0.5,"strokeColor":"#000000","strokeWidth":1},{"kind":"Text","label":"1288 outside","color":"#000000","size":10,"haloColor":"#ffffff","haloWidth":1}]}]}}},
{"type":"Feature","geometry":{"type":"Point","coordinates":[3923088.7,3858386.6]},"properties":{"SETL_CODE":1288,"שם ישוב":"גבעת אלה","ריכוז":2,"reason":"kalpi point outside all neighborhoods","mismatch_type":"outside","color":"#6af254","style":{"name":"mismatch_style","rules":[{"name":"Mismatch","symbolizers":[{"kind":"Fill","color":"#6af254","opacity":0.5,"outlineColor":"#6af254","outlineWidth":2},{"kind":"Mark","wellKnownName":"circle","color":"#6af254","radius":6,"opacity":0.5,"fillOpacity":0.5,"strokeColor":"#000000","strokeWidth":1},{"kind":"Text","label":"1288 outside","color":"#000000","size":10,"haloColor":"#ffffff","haloWidth":1}]}]}}},
{"type":"Feature","geometry":{"type":"Point","coordinates":[3923088.7,3858386.6]},"properties":{"SETL_CODE":1288,"שם ישוב":"גבעת אלה","ריכוז":2,"reason":"kalpi point outside all neighborhoods","mismatch_type":"outside","color":"#6af254","style":{"name":"mismatch_style","rules":[{"name":"Mismatch","symbolizers":[{"kind":"Fill","color":"#6af254","opacity":0.5,"outlineColor":"#6af254","outlineWidth":2},{"kind":"Mark","wellKnownName":"circle","color":"#6af254","radius":6,"opacity":0.5,"fillOpacity":0.5,"strokeColor":"#000000","strokeWidth":1},{"kind":"Text","label":"1288 outside","color":"#000000","size":10,"haloColor":"#ffffff","haloWidth":1}]}]}}},
{"type":"Feature","geometry":{"type":"Point","coordinates":[3900378.95,3810982.85]},"properties":{"SETL_CODE":1290,"שם ישוב":"זמר","ריכוז":1,"reason":"no kalpi point for this (settlement, rikuz)","mismatch_type":"mismatch","color":"#f25498","style":{"name":"mismatch_style","rules":[{"name":"Mismatch","symbolizers":[{"kind":"Fill","color":"#f25498","opacity":0.5,"outlineColor":"#f25498","outlineWidth":2},{"kind":"Mark","wellKnownName":"circle","color":"#f25498","radius":6,"opacity":0.5,"fillOpacity":0.5,"strokeColor":"#000000","strokeWidth":1},{"kind":"Text","label":"1290 mismatch","color":"#000000","size":10,"haloColor":"#ffffff","haloWidth":1}]}]}}},
{"type":"Feature","geometry":{"type":"Point","coordinates":[3944868.35,3865054.8499999996]},"properties":{"SETL_CODE":1293,"שם ישוב":"גבעת אבני","ריכוז":1,"reason":"no kalpi point for this (settlement, rikuz)","mismatch_type":"mismatch","color":"#54c6f2","style":{"name":"mismatch_style","rules":[{"name":"Mismatch","symbolizers":[{"kind":"Fill","color":"#54c6f2","opacity":0.5,"outlineColor":"#54c6f2","outlineWidth":2},{"kind":"Mark","wellKnownName":"circle","color":"#54c6f2","radius":6,"opacity":0.5,"fillOpacity":0.5,"strokeColor":"#000000","strokeWidth":1},{"kind":"Text","label":"1293 mismatch","color":"#000000","size":10,"haloColor":"#ffffff","haloWidth":1}]}]}}},
{"type":"Feature","geometry":{"type":"Point","coordinates":[3945798.55,3895971.55]},"properties":{"SETL_CODE":1294,"שם ישוב":"אור הגנוז","ריכוז":2,"reason":"no kalpi point for this (settlement, rikuz)","mismatch_type":"mismatch","color":"#f2ef54","style":{"name":"mismatch_style","rules":[{"name":"Mismatch","symbolizers":[{"kind":"Fill","color":"#f2ef54","opacity":0.5,"outlineColor":"#f2ef54","outlineWidth":2},{"kind":"Mark","wellKnownName":"circle","color":"#f2ef54","radius":6,"opacity":0.5,"fillOpacity":0.5,"strokeColor":"#000000","strokeWidth":1},{"kind":"Text","label":"1294 mismatch","color":"#000000","size":10,"haloColor":"#ffffff","haloWidth":1}]}]}}},
{"type":"Feature","geometry":{"type":"Point","coordinates":[3923367.4,3892542.8]},"properties":{"SETL_CODE":1295,"שם ישוב":"יאנוחגת","ריכוז":2,"reason":"kalpi point outside all neighborhoods","mismatch_type":"outside","color":"#c154f2","style":{"name":"mismatch_style","rules":[{"name":"Mismatch","symbolizers":[{"kind":"Fill","color":"#c154f2","opacity":0.5,"outlineColor":"#c154f2","outlineWidth":2},{"kind":"Mark","wellKnownName":"circle","color":"#c154f2","radius":6,"opacity":0.5,"fillOpacity":0.5,"strokeColor":"#000000","strokeWidth":1},{"kind":"Text","label":"1295 outside","color":"#000000","size":10,"haloColor":"#ffffff","haloWidth":1}]}]}}},
{"type":"Feature","geometry":{"type":"Point","coordinates":[3923367.4,3892542.8]},"properties":{"SETL_CODE":1295,"שם ישוב":"יאנוחגת","ריכוז":7,"reason":"kalpi point outside all neighborhoods","mismatch_type":"outside","color":"#c154f2","style":{"name":"mismatch_style","rules":[{"name":"Mismatch","symbolizers":[{"kind":"Fill","color":"#c154f2","opacity":0.5,"outlineColor":"#c154f2","outlineWidth":2},{"kind":"Mark","wellKnownName":"circle","color":"#c154f2","radius":6,"opacity":0.5,"fillOpacity":0.5,"strokeColor":"#000000","strokeWidth":1},{"kind":"Text","label":"1295 outside","color":"#000000","size":10,"haloColor":"#ffffff","haloWidth":1}]}]}}},
{"type":"Feature","geometry":{"type":"Point","coordinates":[3821944.3,3657782.2]},"properties":{"SETL_CODE":1311,"שם ישוב":"אבשלום","ריכוז":1,"reason":"kalpi point outside all neighborhoods","mismatch_type":"outside","color":"#54f293","style":{"name":"mismatch_style","rules":[{"name":"Mismatch","symbolizers":[{"kind":"Fill","color":"#54f293","opacity":0.5,"outlineColor":"#54f293","outlineWidth":2},{"kind":"Mark","wellKnownName":"circle","color":"#54f293","radius":6,"opacity":0.5,"fillOpacity":0.5,"strokeColor":"#000000","strokeWidth":1},{"kind":"Text","label":"1311 outside","color":"#000000","size":10,"haloColor":"#ffffff","haloWidth":1}]}]}}},
{"type":"Feature","geometry":{"type":"Point","coordinates":[3956764.5,3859498.1]},"properties":{"SETL_CODE":1313,"שם ישוב":"פוריה עילית","ריכוז":1,"reason":"kalpi point outside all neighborhoods","mismatch_type":"outside","color":"#f26554","style":{"name":"mismatch_style","rules":[{"name":"Mismatch","symbolizers":[{"kind":"Fill","color":"#f26554","opacity":0.5,"outlineColor":"#f26554","outlineWidth":2},{"kind":"Mark","wellKnownName":"circle","color":"#f26554","radius":6,"opacity":0.5,"fillOpacity":0.5,"strokeColor":"#000000","strokeWidth":1},{"kind":"Text","label":"1313 outside","color":"#000000","size":10,"haloColor":"#ffffff","haloWidth":1}]}]}}},
{"type":"Feature","geometry":{"type":"Point","coordinates":[3956764.5,3859498.1]},"properties":{"SETL_CODE":1313,"שם ישוב":"פוריה עילית","ריכוז":1,"reason":"kalpi point outside all neighborhoods","mismatch_type":"outside","color":"#f26554","style":{"name":"mismatch_style","rules":[{"name":"Mismatch","symbolizers":[{"kind":"Fill","color":"#f26554","opacity":0.5,"outlineColor":"#f26554","outlineWidth":2},{"kind":"Mark","wellKnownName":"circle","color":"#f26554","radius":6,"opacity":0.5,"fillOpacity":0.5,"strokeColor":"#000000","strokeWidth":1},{"kind":"Text","label":"1313 outside","color":"#000000","size":10,"haloColor":"#ffffff","haloWidth":1}]}]}}},
{"type":"Feature","geometry":{"type":"Point","coordinates":[3916218.3,3898710.7]},"properties":{"SETL_CODE":1314,"שם ישוב":"נווה זיו","ריכוז":1,"reason":"kalpi point outside all neighborhoods","mismatch_type":"outside","color":"#5471f2","style":{"name":"mismatch_style","rules":[{"name":"Mismatch","symbolizers":[{"kind":"Fill","color":"#5471f2","opacity":0.5,"outlineColor":"#5471f2","outlineWidth":2},{"kind":"Mark","wellKnownName":"circle","color":"#5471f2","radius":6,"opacity":0.5,"fillOpacity":0.5,"strokeColor":"#000000","strokeWidth":1},{"kind":"Text","label":"1314 outside","color":"#000000","size":10,"haloColor":"#ffffff","haloWidth":1}]}]}}},
{"type":"Feature","geometry":{"type":"Point","coordinates":[3897851.7,3807513.4000000004]},"properties":{"SETL_CODE":1319,"שם ישוב":"בת חפר","ריכוז":2,"reason":"no kalpi point for this (settlement, rikuz)","mismatch_type":"mismatch","color":"#9ff254","style":{"name":"mismatch_style","rules":[{"name":"Mismatch","symbolizers":[{"kind":"Fill","color":"#9ff254","opacity":0.5,"outlineColor":"#9ff254","outlineWidth":2},{"kind":"Mark","wellKnownName":"circle","color":"#9ff254","radius":6,"opacity":0.5,"fillOpacity":0.5,"strokeColor":"#000000","strokeWidth":1},{"kind":"Text","label":"1319 mismatch","color":"#000000","size":10,"haloColor":"#ffffff","haloWidth":1}]}]}}},
{"type":"Feature","geometry":{"type":"Point","coordinates":[3931944.7,3882202.8]},"properties":{"SETL_CODE":1332,"שם ישוב":"חוסנייה","ריכוז":1,"reason":"kalpi point outside all neighborhoods","mismatch_type":"outside","color":"#f254cd","style":{"name":"mismatch_style","rules":[{"name":"Mismatch","symbolizers":[{"kind":"Fill","color":"#f254cd","opacity":0.5,"outlineColor":"#f254cd","outlineWidth":2},{"kind":"Mark","wellKnownName":"circle","color":"#f254cd","radius":6,"opacity":0.5,"fillOpacity":0.5,"strokeColor":"#000000","strokeWidth":1},{"kind":"Text","label":"1332 outside","color":"#000000","size":10,"haloColor":"#ffffff","haloWidth":1}]}]}}},
{"type":"Feature","geometry":{"type":"Point","coordinates":[3928455.95,3880404.2]},"properties":{"SETL_CODE":1335,"שם ישוב":"ערב אל נעים","ריכוז":2,"reason":"no kalpi point for this (settlement, rikuz)","mismatch_type":"mismatch","color":"#54f2e9","style":{"name":"mismatch_style","rules":[{"name":"Mismatch","symbolizers":[{"kind":"Fill","color":"#54f2e9","opacity":0.5,"outlineColor":"#54f2e9","outlineWidth":2},{"kind":"Mark","wellKnownName":"circle","color":"#54f2e9","radius":6,"opacity":0.5,"fillOpacity":0.5,"strokeColor":"#000000","strokeWidth":1},{"kind":"Text","label":"1335 mismatch","color":"#000000","size":10,"haloColor":"#ffffff","haloWidth":1}]}]}}},
{"type":"Feature","geometry":{"type":"Point","coordinates":[3899800.1,3667936.8]},"properties":{"SETL_CODE":1343,"שם ישוב":"מכחול","ריכוז":1,"reason":"kalpi point outside all neighborhoods","mismatch_type":"outside","color":"#f2bb54","style":{"name":"mismatch_style","rules":[{"name":"Mismatch","symbolizers":[{"kind":"Fill","color":"#f2bb54","opacity":0.5,"outlineColor":"#f2bb54","outlineWidth":2},{"kind":"Mark","wellKnownName":"circle","color":"#f2bb54","radius":6,"opacity":0.5,"fillOpacity":0.5,"strokeColor":"#000000","strokeWidth":1},{"kind":"Text","label":"1343 outside","color":"#000000","size":10,"haloColor":"#ffffff","haloWidth":1}]}]}}},
{"type":"Feature","geometry":{"type":"Point","coordinates":[3818775.9,3654736.9]},"properties":{"SETL_CODE":1364,"שם ישוב":"שלומית","ריכוז":2,"reason":"no kalpi point for this (settlement, rikuz)","mismatch_type":"mismatch","color":"#8d54f2","style":{"name":"mismatch_style","rules":[{"name":"Mismatch","symbolizers":[{"kind":"Fill","color":"#8d54f2","opacity":0.5,"outlineColor":"#8d54f2","outlineWidth":2},{"kind":"Mark","wellKnownName":"circle","color":"#8d54f2","radius":6,"opacity":0.5,"fillOpacity":0.5,"strokeColor":"#000000","strokeWidth":1},{"kind":"Text","label":"1364 mismatch","color":"#000000","size":10,"haloColor":"#ffffff","haloWidth":1}]}]}}},
{"type":"Feature","geometry":{"type":"Point","coordinates":[3888504.4,3701711.55]},"properties":{"SETL_CODE":1365,"שם ישוב":"אליאב","ריכוז":1,"reason":"no kalpi point for this (settlement, rikuz)","mismatch_type":"mismatch","color":"#54f25f","style":{"name":"mismatch_style","rules":[{"name":"Mismatch","symbolizers":[{"kind":"Fill","color":"#54f25f","opacity":0.5,"outlineColor":"#54f25f","outlineWidth":2},{"kind":"Mark","wellKnownName":"circle","color":"#54f25f","radius":6,"opacity":0.5,"fillOpacity":0.5,"strokeColor":"#000000","strokeWidth":1},{"kind":"Text","label":"1365 mismatch","color":"#000000","size":10,"haloColor":"#ffffff","haloWidth":1}]}]}}},
{"type":"Feature","geometry":{"type":"Point","coordinates":[3888952.35,3656858.1]},"properties":{"SETL_CODE":1375,"שם ישוב":"אבו תלול","ריכוז":1,"reason":"no kalpi point for this (settlement, rikuz)","mismatch_type":"mismatch","color":"#f25478","style":{"name":"mismatch_style","rules":[{"name":"Mismatch","symbolizers":[{"kind":"Fill","color":"#f25478","opacity":0.5,"outlineColor":"#f25478","outlineWidth":2},{"kind":"Mark","wellKnownName":"circle","color":"#f25478","radius":6,"opacity":0.5,"fillOpacity":0.5,"strokeColor":"#000000","strokeWidth":1},{"kind":"Text","label":"1375 mismatch","color":"#000000","size":10,"haloColor":"#ffffff","haloWidth":1}]}]}}},
{"type":"Feature","geometry":{"type":"Point","coordinates":[3861898.5,3751335.3]},"properties":{"SETL_CODE":1411,"שם ישוב":"מחנה הילה","ריכוז":1,"reason":"kalpi point outside all neighborhoods","mismatch_type":"outside","color":"#54a6f2","style":{"name":"mismatch_style","rules":[{"name":"Mismatch","symbolizers":[{"kind":"Fill","color":"#54a6f2","opacity":0.5,"outlineColor":"#54a6f2","outlineWidth":2},{"kind":"Mark","wellKnownName":"circle","color":"#54a6f2","radius":6,"opacity":0.5,"fillOpacity":0.5,"strokeColor":"#000000","strokeWidth":1},{"kind":"Text","label":"1411 outside","color":"#000000","size":10,"haloColor":"#ffffff","haloWidth":1}]}]}}},
{"type":"Feature","geometry":{"type":"Point","coordinates":[3876286.2,3740153.7]},"properties":{"SETL_CODE":1412,"שם ישוב":"מחנה תל נוף","ריכוז":1,"reason":"kalpi point outside all neighborhoods","mismatch_type":"outside","color":"#d4f254","style":{"name":"mismatch_style","rules":[{"name":"Mismatch","symbolizers":[{"kind":"Fill","color":"#d4f254","opacity":0.5,"outlineColor":"#d4f254","outlineWidth":2},{"kind":"Mark","wellKnownName":"circle","color":"#d4f254","radius":6,"opacity":0.5,"fillOpacity":0.5,"strokeColor":"#000000","strokeWidth":1},{"kind":"Text","label":"1412 outside","color":"#000000","size":10,"haloColor":"#ffffff","haloWidth":1}]}]}}},
{"type":"Feature","geometry":{"type":"Point","coordinates":[3916027.6,3850814.3]},"properties":{"SETL_CODE":1413,"שם ישוב":"מחנה יהודית","ריכוז":1,"reason":"kalpi point outside all neighborhoods","mismatch_type":"outside","color":"#e254f2","style":{"name":"mismatch_style","rules":[{"name":"Mismatch","symbolizers":[{"kind":"Fill","color":"#e254f2","opacity":0.5,"outlineColor":"#e254f2","outlineWidth":2},{"kind":"Mark","wellKnownName":"circle","color":"#e254f2","radius":6,"opacity":0.5,"fillOpacity":0.5,"strokeColor":"#000000","strokeWidth":1},{"kind":"Text","label":"1413 outside","color":"#000000","size":10,"haloColor":"#ffffff","haloWidth":1}]}]}}},
{"type":"Feature","geometry":{"type":"Point","coordinates":[3865688.6,3731079.8]},"properties":{"SETL_CODE":1414,"שם ישוב":"מחנה מרים","ריכוז":1,"reason":"kalpi point outside all neighborhoods","mismatch_type":"outside","color":"#54f2b4","style":{"name":"mismatch_style","rules":[{"name":"Mismatch","symbolizers":[{"kind":"Fill","color":"#54f2b4","opacity":0.5,"outlineColor":"#54f2b4","outlineWidth":2},{"kind":"Mark","wellKnownName":"circle","color":"#54f2b4","radius":6,"opacity":0.5,"fillOpacity":0.5,"strokeColor":"#000000","strokeWidth":1},{"kind":"Text","label":"1414 outside","color":"#000000","size":10,"haloColor":"#ffffff","haloWidth":1}]}]}}},
{"type":"Feature","geometry":{"type":"Point","coordinates":[3860049.5,3661388.8]},"properties":{"SETL_CODE":1415,"שם ישוב":"מחנה יפה","ריכוז":1,"reason":"kalpi point outside all neighborhoods","mismatch_type":"outside","color":"#f28654","style":{"name":"mismatch_style","rules":[{"name":"Mismatch","symbolizers":[{"kind":"Fill","color":"#f28654","opacity":0.5,"outlineColor":"#f28654","outlineWidth":2},{"kind":"Mark","wellKnownName":"circle","color":"#f28654","radius":6,"opacity":0.5,"fillOpacity":0.5,"strokeColor":"#000000","strokeWidth":1},{"kind":"Text","label":"1415 outside","color":"#000000","size":10,"haloColor":"#ffffff","haloWidth":1}]}]}}},
{"type":"Feature","geometry":{"type":"Point","coordinates":[3888616.4,3494723.8]},"properties":{"SETL_CODE":1416,"שם ישוב":"מחנה יוכבד","ריכוז":1,"reason":"kalpi point outside all neighborhoods","mismatch_type":"outside","color":"#5854f2","style":{"name":"mismatch_style","rules":[{"name":"Mismatch","symbolizers":[{"kind":"Fill","color":"#5854f2","opacity":0.5,"outlineColor":"#5854f2","outlineWidth":2},{"kind":"Mark","wellKnownName":"circle","color":"#5854f2","radius":6,"opacity":0.5,"fillOpacity":0.5,"strokeColor":"#000000","strokeWidth":1},{"kind":"Text","label":"1416 outside","color":"#000000","size":10,"haloColor":"#ffffff","haloWidth":1}]}]}}},
{"type":"Feature","geometry":{"type":"Point","coordinates":[3858672.9,3600320.4]},"properties":{"SETL_CODE":1418,"שם ישוב":"מחנה טלי","ריכוז":1,"reason":"kalpi point outside all neighborhoods","mismatch_type":"outside","color":"#7ef254","style":{"name":"mismatch_style","rules":[{"name":"Mismatch","symbolizers":[{"kind":"Fill","color":"#7ef254","opacity":0.5,"outlineColor":"#7ef254","outlineWidth":2},{"kind":"Mark","wellKnownName":"circle","color":"#7ef254","radius":6,"opacity":0.5,"fillOpacity":0.5,"strokeColor":"#000000","strokeWidth":1},{"kind":"Text","label":"1418 outside","color":"#000000","size":10,"haloColor":"#ffffff","haloWidth":1}]}]}}},
{"type":"Feature","geometry":{"type":"Point","coordinates":[3855717.9,3728759.05]},"properties":{"SETL_CODE":1419,"שם ישוב":"ניצן ב","ריכוז":3,"reason":"no kalpi point for this (settlement, rikuz)","mismatch_type":"mismatch","color":"#f254ac","style":{"name":"mismatch_style","rules":[{"name":"Mismatch","symbolizers":[{"kind":"Fill","color":"#f254ac","opacity":0.5,"outlineColor":"#f254ac","outlineWidth":2},{"kind":"Mark","wellKnownName":"circle","color":"#f254ac","radius":6,"opacity":0.5,"fillOpacity":0.5,"strokeColor":"#000000","strokeWidth":1},{"kind":"Text","label":"1419 mismatch","color":"#000000","size":10,"haloColor":"#ffffff","haloWidth":1}]}]}}},
{"type":"Feature","geometry":{"type":"Point","coordinates":[3855717.9,3728759.05]},"properties":{"SETL_CODE":1419,"שם ישוב":"ניצן ב","ריכוז":5,"reason":"no kalpi point for this (settlement, rikuz)","mismatch_type":"mismatch","color":"#f254ac","style":{"name":"mismatch_style","rules":[{"name":"Mismatch","symbolizers":[{"kind":"Fill","color":"#f254ac","opacity":0.5,"outlineColor":"#f254ac","outlineWidth":2},{"kind":"Mark","wellKnownName":"circle","color":"#f254ac","radius":6,"opacity":0.5,"fillOpacity":0.5,"strokeColor":"#000000","strokeWidth":1},{"kind":"Text","label":"1419 mismatch","color":"#000000","size":10,"haloColor":"#ffffff","haloWidth":1}]}]}}},
{"type":"Feature","geometry":{"type":"Point","coordinates":[3902330.0,3825084.0]},"properties":{"SETL_CODE":2024,"שם ישוב":"אום אלקוטוף","ריכוז":1,"reason":"kalpi point outside all neighborhoods","mismatch_type":"outside","color":"#54daf2","style":{"name":"mismatch_style","rules":[{"name":"Mismatch","symbolizers":[{"kind":"Fill","color":"#54daf2","opacity":0.5,"outlineColor":"#54daf2","outlineWidth":2},{"kind":"Mark","wellKnownName":"circle","color":"#54daf2","radius":6,"opacity":0.5,"fillOpacity":0.5,"strokeColor":"#000000","strokeWidth":1},{"kind":"Text","label":"2024 outside","color":"#000000","size":10,"haloColor":"#ffffff","haloWidth":1}]}]}}},
{"type":"Feature","geometry":{"type":"Point","coordinates":[3902330.0,3825084.0]},"properties":{"SETL_CODE":2024,"שם ישוב":"אום אלקוטוף","ריכוז":1,"reason":"kalpi point outside all neighborhoods","mismatch_type":"outside","color":"#54daf2","style":{"name":"mismatch_style","rules":[{"name":"Mismatch","symbolizers":[{"kind":"Fill","color":"#54daf2","opacity":0.5,"outlineColor":"#54daf2","outlineWidth":2},{"kind":"Mark","wellKnownName":"circle","color":"#54daf2","radius":6,"opacity":0.5,"fillOpacity":0.5,"strokeColor":"#000000","strokeWidth":1},{"kind":"Text","label":"2024 outside","color":"#000000","size":10,"haloColor":"#ffffff","haloWidth":1}]}]}}},
{"type":"Feature","geometry":{"type":"Point","coordinates":[3674840.5,3006754.1]},"properties":{"SETL_CODE":2030,"שם ישוב":"מנוחה","ריכוז":2,"reason":"kalpi point outside all neighborhoods","mismatch_type":"outside","color":"#f2db54","style":{"name":"mismatch_style","rules":[{"name":"Mismatch","symbolizers":[{"kind":"Fill","color":"#f2db54","opacity":0.5,"outlineColor":"#f2db54","outlineWidth":2},{"kind":"Mark","wellKnownName":"circle","color":"#f2db54","radius":6,"opacity":0.5,"fillOpacity":0.5,"strokeColor":"#000000","strokeWidth":1},{"kind":"Text","label":"2030 outside","color":"#000000","size":10,"haloColor":"#ffffff","haloWidth":1}]}]}}},
{"type":"Feature","geometry":{"type":"Point","coordinates":[3851122.2,3683375.7]},"properties":{"SETL_CODE":2044,"שם ישוב":"מלילות","ריכוז":1,"reason":"no kalpi point for this (settlement, rikuz)","mismatch_type":"mismatch","color":"#ad54f2","style":{"name":"mismatch_style","rules":[{"name":"Mismatch","symbolizers":[{"kind":"Fill","color":"#ad54f2","opacity":0.5,"outlineColor":"#ad54f2","outlineWidth":2},{"kind":"Mark","wellKnownName":"circle","color":"#ad54f2","radius":6,"opacity":0.5,"fillOpacity":0.5,"strokeColor":"#000000","strokeWidth":1},{"kind":"Text","label":"2044 mismatch","color":"#000000","size":10,"haloColor":"#ffffff","haloWidth":1}]}]}}},
{"type":"Feature","geometry":{"type":"Point","coordinates":[3855130.8,3694914.4000000004]},"properties":{"SETL_CODE":2047,"שם ישוב":"ניר משה","ריכוז":1,"reason":"no kalpi point for this (settlement, rikuz)","mismatch_type":"mismatch","color":"#54f27f","style":{"name":"mismatch_style","rules":[{"name":"Mismatch","symbolizers":[{"kind":"Fill","color":"#54f27f","opacity":0.5,"outlineColor":"#54f27f","outlineWidth":2},{"kind":"Mark","wellKnownName":"circle","color":"#54f27f","radius":6,"opacity":0.5,"fillOpacity":0.5,"strokeColor":"#000000","strokeWidth":1},{"kind":"Text","label":"2047 mismatch","color":"#000000","size":10,"haloColor":"#ffffff","haloWidth":1}]}]}}},
{"type":"Feature","geometry":{"type":"Point","coordinates":[3930752.0,3835108.5]},"properties":{"SETL_CODE":2053,"שם ישוב":"פרזון","ריכוז":1,"reason":"no kalpi point for this (settlement, rikuz)","mismatch_type":"mismatch","color":"#f25457","style":{"name":"mismatch_style","rules":[{"name":"Mismatch","symbolizers":[{"kind":"Fill","color":"#f25457","opacity":0.5,"outlineColor":"#f25457","outlineWidth":2},{"kind":"Mark","wellKnownName":"circle","color":"#f25457","radius":6,"opacity":0.5,"fillOpacity":0.5,"strokeColor":"#000000","strokeWidth":1},{"kind":"Text","label":"2053 mismatch","color":"#000000","size":10,"haloColor":"#ffffff","haloWidth":1}]}]}}},
{"type":"Feature","geometry":{"type":"Point","coordinates":[3929603.7,3835228.4000000004]},"properties":{"SETL_CODE":2054,"שם ישוב":"מיטב","ריכוז":1,"reason":"no kalpi point for this (settlement, rikuz)","mismatch_type":"mismatch","color":"#5485f2","style":{"name":"mismatch_style","rules":[{"name":"Mismatch","symbolizers":[{"kind":"Fill","color":"#5485f2","opacity":0.5,"outlineColor":"#5485f2","outlineWidth":2},{"kind":"Mark","wellKnownName":"circle","color":"#5485f2","radius":6,"opacity":0.5,"fillOpacity":0.5,"strokeColor":"#000000","strokeWidth":1},{"kind":"Text","label":"2054 mismatch","color":"#000000","size":10,"haloColor":"#ffffff","haloWidth":1}]}]}}},
{"type":"Feature","geometry":{"type":"Point","coordinates":[3854667.2,3682009.9]},"properties":{"SETL_CODE":2061,"שם ישוב":"תדהר","ריכוז":3,"reason":"no kalpi point for this (settlement, rikuz)","mismatch_type":"mismatch","color":"#b3f254","style":{"name":"mismatch_style","rules":[{"name":"Mismatch","symbolizers":[{"kind":"Fill","color":"#b3f254","opacity":0.5,"outlineColor":"#b3f254","outlineWidth":2},{"kind":"Mark","wellKnownName":"circle","color":"#b3f254","radius":6,"opacity":0.5,"fillOpacity":0.5,"strokeColor":"#000000","strokeWidth":1},{"kind":"Text","label":"2061 mismatch","color":"#000000","size":10,"haloColor":"#ffffff","haloWidth":1}]}]}}},
{"type":"Feature","geometry":{"type":"Point","coordinates":[3899809.8,3660173.6]},"properties":{"SETL_CODE":2200,"שם ישוב":"דימונה","ריכוז":74,"reason":"kalpi point outside all neighborhoods","mismatch_type":"outside","color":"#f254e1","style":{"name":"mismatch_style","rules":[{"name":"Mismatch","symbolizers":[{"kind":"Fill","color":"#f254e1","opacity":0.5,"outlineColor":"#f254e1","outlineWidth":2},{"kind":"Mark","wellKnownName":"circle","color":"#f254e1","radius":6,"opacity":0.5,"fillOpacity":0.5,"strokeColor":"#000000","strokeWidth":1},{"kind":"Text","label":"2200 outside","color":"#000000","size":10,"haloColor":"#ffffff","haloWidth":1}]}]}}},
{"type":"Feature","geometry":{"type":"Point","coordinates":[3910469.2458333336,3857960.8708333336]},"properties":{"SETL_CODE":2300,"שם ישוב":"קרית טבעון","ריכוז":18,"reason":"no kalpi point for this (settlement, rikuz)","mismatch_type":"mismatch","color":"#54f2d4","style":{"name":"mismatch_style","rules":[{"name":"Mismatch","symbolizers":[{"kind":"Fill","color":"#54f2d4","opacity":0.5,"outlineColor":"#54f2d4","outlineWidth":2},{"kind":"Mark","wellKnownName":"circle","color":"#54f2d4","radius":6,"opacity":0.5,"fillOpacity":0.5,"strokeColor":"#000000","strokeWidth":1},{"kind":"Text","label":"2300 mismatch","color":"#000000","size":10,"haloColor":"#ffffff","haloWidth":1}]}]}}},
{"type":"Feature","geometry":{"type":"Point","coordinates":[3910469.2458333336,3857960.8708333336]},"properties":{"SETL_CODE":2300,"שם ישוב":"קרית טבעון","ריכוז":19,"reason":"no kalpi point for this (settlement, rikuz)","mismatch_type":"mismatch","color":"#54f2d4","style":{"name":"mismatch_style","rules":[{"name":"Mismatch","symbolizers":[{"kind":"Fill","color":"#54f2d4","opacity":0.5,"outlineColor":"#54f2d4","outlineWidth":2},{"kind":"Mark","wellKnownName":"circle","color":"#54f2d4","radius":6,"opacity":0.5,"fillOpacity":0.5,"strokeColor":"#000000","strokeWidth":1},{"kind":"Text","label":"2300 mismatch","color":"#000000","size":10,"haloColor":"#ffffff","haloWidth":1}]}]}}},
{"type":"Feature","geometry":{"type":"Point","coordinates":[3900092.5,3864785.313636363]},"properties":{"SETL_CODE":2500,"שם ישוב":"נשר","ריכוז":18,"reason":"no kalpi point for this (settlement, rikuz)","mismatch_type":"mismatch","color":"#f2a754","style":{"name":"mismatch_style","rules":[{"name":"Mismatch","symbolizers":[{"kind":"Fill","color":"#f2a754","opacity":0.5,"outlineColor":"#f2a754","outlineWidth":2},{"kind":"Mark","wellKnownName":"circle","color":"#f2a754","radius":6,"opacity":0.5,"fillOpacity":0.5,"strokeColor":"#000000","strokeWidth":1},{"kind":"Text","label":"2500 mismatch","color":"#000000","size":10,"haloColor":"#ffffff","haloWidth":1}]}]}}},
{"type":"Feature","geometry":{"type":"Point","coordinates":[3900092.5,3864785.313636363]},"properties":{"SETL_CODE":2500,"שם ישוב":"נשר","ריכוז":25,"reason":"no kalpi point for this (settlement, rikuz)","mismatch_type":"mismatch","color":"#f2a754","style":{"name":"mismatch_style","rules":[{"name":"Mismatch","symbolizers":[{"kind":"Fill","color":"#f2a754","opacity":0.5,"outlineColor":"#f2a754","outlineWidth":2},{"kind":"Mark","wellKnownName":"circle","color":"#f2a754","radius":6,"opacity":0.5,"fillOpacity":0.5,"strokeColor":"#000000","strokeWidth":1},{"kind":"Text","label":"2500 mismatch","color":"#000000","size":10,"haloColor":"#ffffff","haloWidth":1}]}]}}},
{"type":"Feature","geometry":{"type":"Point","coordinates":[3919661.3628571425,3666117.9114285717]},"properties":{"SETL_CODE":2560,"שם ישוב":"ערד","ריכוז":16,"reason":"no kalpi point for this (settlement, rikuz)","mismatch_type":"mismatch","color":"#7954f2","style":{"name":"mismatch_style","rules":[{"name":"Mismatch","symbolizers":[{"kind":"Fill","color":"#7954f2","opacity":0.5,"outlineColor":"#7954f2","outlineWidth":2},{"kind":"Mark","wellKnownName":"circle","color":"#7954f2","radius":6,"opacity":0.5,"fillOpacity":0.5,"strokeColor":"#000000","strokeWidth":1},{"kind":"Text","label":"2560 mismatch","color":"#000000","size":10,"haloColor":"#ffffff","haloWidth":1}]}]}}},
{"type":"Feature","geometry":{"type":"Point","coordinates":[3919661.3628571425,3666117.9114285717]},"properties":{"SETL_CODE":2560,"שם ישוב":"ערד","ריכוז":25,"reason":"no kalpi point for this (settlement, rikuz)","mismatch_type":"mismatch","color":"#7954f2","style":{"name":"mismatch_style","rules":[{"name":"Mismatch","symbolizers":[{"kind":"Fill","color":"#7954f2","opacity":0.5,"outlineColor":"#7954f2","outlineWidth":2},{"kind":"Mark","wellKnownName":"circle","color":"#7954f2","radius":6,"opacity":0.5,"fillOpacity":0.5,"strokeColor":"#000000","strokeWidth":1},{"kind":"Text","label":"2560 mismatch","color":"#000000","size":10,"haloColor":"#ffffff","haloWidth":1}]}]}}},
{"type":"Feature","geometry":{"type":"Point","coordinates":[3889963.174137931,3447209.0551724136]},"properties":{"SETL_CODE":2600,"שם ישוב":"אילת","ריכוז":19,"reason":"no kalpi point for this (settlement, rikuz)","mismatch_type":"mismatch","color":"#5ef254","style":{"name":"mismatch_style","rules":[{"name":"Mismatch","symbolizers":[{"kind":"Fill","color":"#5ef254","opacity":0.5,"outlineColor":"#5ef254","outlineWidth":2},{"kind":"Mark","wellKnownName":"circle","color":"#5ef254","radius":6,"opacity":0.5,"fillOpacity":0.5,"strokeColor":"#000000","strokeWidth":1},{"kind":"Text","label":"2600 mismatch","color":"#000000","size":10,"haloColor":"#ffffff","haloWidth":1}]}]}}},
{"type":"Feature","geometry":{"type":"Point","coordinates":[3880545.5875,3770431.365625]},"properties":{"SETL_CODE":2620,"שם ישוב":"קרית אונו","ריכוז":29,"reason":"no kalpi point for this (settlement, rikuz)","mismatch_type":"mismatch","color":"#f2548c","style":{"name":"mismatch_style","rules":[{"name":"Mismatch","symbolizers":[{"kind":"Fill","color":"#f2548c","opacity":0.5,"outlineColor":"#f2548c","outlineWidth":2},{"kind":"Mark","wellKnownName":"circle","color":"#f2548c","radius":6,"opacity":0.5,"fillOpacity":0.5,"strokeColor":"#000000","strokeWidth":1},{"kind":"Text","label":"2620 mismatch","color":"#000000","size":10,"haloColor":"#ffffff","haloWidth":1}]}]}}},
{"type":"Feature","geometry":{"type":"Point","coordinates":[3891958.3295454546,3775569.7022727276]},"properties":{"SETL_CODE":2640,"שם ישוב":"ראש העין","ריכוז":82,"reason":"no kalpi point for this (settlement, rikuz)","mismatch_type":"mismatch","color":"#54baf2","style":{"name":"mismatch_style","rules":[{"name":"Mismatch","symbolizers":[{"kind":"Fill","color":"#54baf2","opacity":0.5,"outlineColor":"#54baf2","outlineWidth":2},{"kind":"Mark","wellKnownName":"circle","color":"#54baf2","radius":6,"opacity":0.5,"fillOpacity":0.5,"strokeColor":"#000000","strokeWidth":1},{"kind":"Text","label":"2640 mismatch","color":"#000000","size":10,"haloColor":"#ffffff","haloWidth":1}]}]}}},
{"type":"Feature","geometry":{"type":"Point","coordinates":[3891958.3295454546,3775569.7022727276]},"properties":{"SETL_CODE":2640,"שם ישוב":"ראש העין","ריכוז":83,"reason":"no kalpi point for this (settlement, rikuz)","mismatch_type":"mismatch","color":"#54baf2","style":{"name":"mismatch_style","rules":[{"name":"Mismatch","symbolizers":[{"kind":"Fill","color":"#54baf2","opacity":0.5,"outlineColor":"#54baf2","outlineWidth":2},{"kind":"Mark","wellKnownName":"circle","color":"#54baf2","radius":6,"opacity":0.5,"fillOpacity":0.5,"strokeColor":"#000000","strokeWidth":1},{"kind":"Text","label":"2640 mismatch","color":"#000000","size":10,"haloColor":"#ffffff","haloWidth":1}]}]}}},
{"type":"Feature","geometry":{"type":"Point","coordinates":[3891958.3295454546,3775569.7022727276]},"properties":{"SETL_CODE":2640,"שם ישוב":"ראש העין","ריכוז":85,"reason":"no kalpi point for this (settlement, rikuz)","mismatch_type":"mismatch","color":"#54baf2","style":{"name":"mismatch_style","rules":[{"name":"Mismatch","symbolizers":[{"kind":"Fill","color":"#54baf2","opacity":0.5,"outlineColor":"#54baf2","outlineWidth":2},{"kind":"Mark","wellKnownName":"circle","color":"#54baf2","radius":6,"opacity":0.5,"fillOpacity":0.5,"strokeColor":"#000000","strokeWidth":1},{"kind":"Text","label":"2640 mismatch","color":"#000000","size":10,"haloColor":"#ffffff","haloWidth":1}]}]}}},
{"type":"Feature","geometry":{"type":"Point","coordinates":[3891958.3295454546,3775569.7022727276]},"properties":{"SETL_CODE":2640,"שם ישוב":"ראש העין","ריכוז":86,"reason":"no kalpi point for this (settlement, rikuz)","mismatch_type":"mismatch","color":"#54baf2","style":{"name":"mismatch_style","rules":[{"name":"Mismatch","symbolizers":[{"kind":"Fill","color":"#54baf2","opacity":0.5,"outlineColor":"#54baf2","outlineWidth":2},{"kind":"Mark","wellKnownName":"circle","color":"#54baf2","radius":6,"opacity":0.5,"fillOpacity":0.5,"strokeColor":"#000000","strokeWidth":1},{"kind":"Text","label":"2640 mismatch","color":"#000000","size":10,"haloColor":"#ffffff","haloWidth":1}]}]}}},
{"type":"Feature","geometry":{"type":"Point","coordinates":[3913223.3588709678,3831943.610483871]},"properties":{"SETL_CODE":2710,"שם ישוב":"אום אלפחם","ריכוז":34,"reason":"no kalpi point for this (settlement, rikuz)","mismatch_type":"mismatch","color":"#e8f254","style":{"name":"mismatch_style","rules":[{"name":"Mismatch","symbolizers":[{"kind":"Fill","color":"#e8f254","opacity":0.5,"outlineColor":"#e8f254","outlineWidth":2},{"kind":"Mark","wellKnownName":"circle","color":"#e8f254","radius":6,"opacity":0.5,"fillOpacity":0.5,"strokeColor":"#000000","strokeWidth":1},{"kind":"Text","label":"2710 mismatch","color":"#000000","size":10,"haloColor":"#ffffff","haloWidth":1}]}]}}},
{"type":"Feature","geometry":{"type":"Point","coordinates":[3913223.3588709678,3831943.610483871]},"properties":{"SETL_CODE":2710,"שם ישוב":"אום אלפחם","ריכוז":36,"reason":"no kalpi point for this (settlement, rikuz)","mismatch_type":"mismatch","color":"#e8f254","style":{"name":"mismatch_style","rules":[{"name":"Mismatch","symbolizers":[{"kind":"Fill","color":"#e8f254","opacity":0.5,"outlineColor":"#e8f254","outlineWidth":2},{"kind":"Mark","wellKnownName":"circle","color":"#e8f254","radius":6,"opacity":0.5,"fillOpacity":0.5,"strokeColor":"#000000","strokeWidth":1},{"kind":"Text","label":"2710 mismatch","color":"#000000","size":10,"haloColor":"#ffffff","haloWidth":1}]}]}}},
{"type":"Feature","geometry":{"type":"Point","coordinates":[3920054.3573913043,3734343.386956522]},"properties":{"SETL_CODE":3000,"שם ישוב":"ירושלים","ריכוז":100,"reason":"no kalpi point for this (settlement, rikuz)","mismatch_type":"mismatch","color":"#ce54f2","style":{"name":"mismatch_style","rules":[{"name":"Mismatch","symbolizers":[{"kind":"Fill","color":"#ce54f2","opacity":0.5,"outlineColor":"#ce54f2","outlineWidth":2},{"kind":"Mark","wellKnownName":"circle","color":"#ce54f2","radius":6,"opacity":0.5,"fillOpacity":0.5,"strokeColor":"#000000","strokeWidth":1},{"kind":"Text","label":"3000 mismatch","color":"#000000","size":10,"haloColor":"#ffffff","haloWidth":1}]}]}}},
{"type":"Feature","geometry":{"type":"Point","coordinates":[3920054.3573913043,3734343.386956522]},"properties":{"SETL_CODE":3000,"שם ישוב":"ירושלים","ריכוז":332,"reason":"no kalpi point for this (settlement, rikuz)","mismatch_type":"mismatch","color":"#ce54f2","style":{"name":"mismatch_style","rules":[{"name":"Mismatch","symbolizers":[{"kind":"Fill","color":"#ce54f2","opacity":0.5,"outlineColor":"#ce54f2","outlineWidth":2},{"kind":"Mark","wellKnownName":"circle","color":"#ce54f2","radius":6,"opacity":0.5,"fillOpacity":0.5,"strokeColor":"#000000","strokeWidth":1},{"kind":"Text","label":"3000 mismatch","color":"#000000","size":10,"haloColor":"#ffffff","haloWidth":1}]}]}}},
{"type":"Feature","geometry":{"type":"Point","coordinates":[3921546.3,3745159.3]},"properties":{"SETL_CODE":3000,"שם ישוב":"ירושלים","ריכוז":483,"reason":"kalpi point outside all neighborhoods","mismatch_type":"outside","color":"#ce54f2","style":{"name":"mismatch_style","rules":[{"name":"Mismatch","symbolizers":[{"kind":"Fill","color":"#ce54f2","opacity":0.5,"outlineColor":"#ce54f2","outlineWidth":2},{"kind":"Mark","wellKnownName":"circle","color":"#ce54f2","radius":6,"opacity":0.5,"fillOpacity":0.5,"strokeColor":"#000000","strokeWidth":1},{"kind":"Text","label":"3000 outside","color":"#000000","size":10,"haloColor":"#ffffff","haloWidth":1}]}]}}},
{"type":"Feature","geometry":{"type":"Point","coordinates":[3921546.3,3745159.3]},"properties":{"SETL_CODE":3000,"שם ישוב":"ירושלים","ריכוז":483,"reason":"kalpi point outside all neighborhoods","mismatch_type":"outside","color":"#ce54f2","style":{"name":"mismatch_style","rules":[{"name":"Mismatch","symbolizers":[{"kind":"Fill","color":"#ce54f2","opacity":0.5,"outlineColor":"#ce54f2","outlineWidth":2},{"kind":"Mark","wellKnownName":"circle","color":"#ce54f2","radius":6,"opacity":0.5,"fillOpacity":0.5,"strokeColor":"#000000","strokeWidth":1},{"kind":"Text","label":"3000 outside","color":"#000000","size":10,"haloColor":"#ffffff","haloWidth":1}]}]}}},
{"type":"Feature","geometry":{"type":"Point","coordinates":[3921546.3,3745159.3]},"properties":{"SETL_CODE":3000,"שם ישוב":"ירושלים","ריכוז":483,"reason":"kalpi point outside all neighborhoods","mismatch_type":"outside","color":"#ce54f2","style":{"name":"mismatch_style","rules":[{"name":"Mismatch","symbolizers":[{"kind":"Fill","color":"#ce54f2","opacity":0.5,"outlineColor":"#ce54f2","outlineWidth":2},{"kind":"Mark","wellKnownName":"circle","color":"#ce54f2","radius":6,"opacity":0.5,"fillOpacity":0.5,"strokeColor":"#000000","strokeWidth":1},{"kind":"Text","label":"3000 outside","color":"#000000","size":10,"haloColor":"#ffffff","haloWidth":1}]}]}}},
{"type":"Feature","geometry":{"type":"Point","coordinates":[3945120.5,3765721.7]},"properties":{"SETL_CODE":3558,"שם ישוב":"תומר","ריכוז":1,"reason":"no kalpi point for this (settlement, rikuz)","mismatch_type":"mismatch","color":"#54f2a0","style":{"name":"mismatch_style","rules":[{"name":"Mismatch","symbolizers":[{"kind":"Fill","color":"#54f2a0","opacity":0.5,"outlineColor":"#54f2a0","outlineWidth":2},{"kind":"Mark","wellKnownName":"circle","color":"#54f2a0","radius":6,"opacity":0.5,"fillOpacity":0.5,"strokeColor":"#000000","strokeWidth":1},{"kind":"Text","label":"3558 mismatch","color":"#000000","size":10,"haloColor":"#ffffff","haloWidth":1}]}]}}},
{"type":"Feature","geometry":{"type":"Point","coordinates":[3921874.7,3716898.0]},"properties":{"SETL_CODE":3563,"שם ישוב":"תקוע","ריכוז":3,"reason":"kalpi point outside all neighborhoods","mismatch_type":"outside","color":"#f27254","style":{"name":"mismatch_style","rules":[{"name":"Mismatch","symbolizers":[{"kind":"Fill","color":"#f27254","opacity":0.5,"outlineColor":"#f27254","outlineWidth":2},{"kind":"Mark","wellKnownName":"circle","color":"#f27254","radius":6,"opacity":0.5,"fillOpacity":0.5,"strokeColor":"#000000","strokeWidth":1},{"kind":"Text","label":"3563 outside","color":"#000000","size":10,"haloColor":"#ffffff","haloWidth":1}]}]}}},
{"type":"Feature","geometry":{"type":"Point","coordinates":[3921874.7,3716898.0]},"properties":{"SETL_CODE":3563,"שם ישוב":"תקוע","ריכוז":3,"reason":"kalpi point outside all neighborhoods","mismatch_type":"outside","color":"#f27254","style":{"name":"mismatch_style","rules":[{"name":"Mismatch","symbolizers":[{"kind":"Fill","color":"#f27254","opacity":0.5,"outlineColor":"#f27254","outlineWidth":2},{"kind":"Mark","wellKnownName":"circle","color":"#f27254","radius":6,"opacity":0.5,"fillOpacity":0.5,"strokeColor":"#000000","strokeWidth":1},{"kind":"Text","label":"3563 outside","color":"#000000","size":10,"haloColor":"#ffffff","haloWidth":1}]}]}}},
{"type":"Feature","geometry":{"type":"Point","coordinates":[3921874.7,3716898.0]},"properties":{"SETL_CODE":3563,"שם ישוב":"תקוע","ריכוז":3,"reason":"kalpi point outside all neighborhoods","mismatch_type":"outside","color":"#f27254","style":{"name":"mismatch_style","rules":[{"name":"Mismatch","symbolizers":[{"kind":"Fill","color":"#f27254","opacity":0.5,"outlineColor":"#f27254","outlineWidth":2},{"kind":"Mark","wellKnownName":"circle","color":"#f27254","radius":6,"opacity":0.5,"fillOpacity":0.5,"strokeColor":"#000000","strokeWidth":1},{"kind":"Text","label":"3563 outside","color":"#000000","size":10,"haloColor":"#ffffff","haloWidth":1}]}]}}},
{"type":"Feature","geometry":{"type":"Point","coordinates":[3921874.7,3716898.0]},"properties":{"SETL_CODE":3563,"שם ישוב":"תקוע","ריכוז":3,"reason":"kalpi point outside all neighborhoods","mismatch_type":"outside","color":"#f27254","style":{"name":"mismatch_style","rules":[{"name":"Mismatch","symbolizers":[{"kind":"Fill","color":"#f27254","opacity":0.5,"outlineColor":"#f27254","outlineWidth":2},{"kind":"Mark","wellKnownName":"circle","color":"#f27254","radius":6,"opacity":0.5,"fillOpacity":0.5,"strokeColor":"#000000","strokeWidth":1},{"kind":"Text","label":"3563 outside","color":"#000000","size":10,"haloColor":"#ffffff","haloWidth":1}]}]}}},
{"type":"Feature","geometry":{"type":"Point","coordinates":[3935144.3,3757489.1]},"properties":{"SETL_CODE":3564,"שם ישוב":"כוכב השחר","ריכוז":1,"reason":"kalpi point outside all neighborhoods","mismatch_type":"outside","color":"#5465f2","style":{"name":"mismatch_style","rules":[{"name":"Mismatch","symbolizers":[{"kind":"Fill","color":"#5465f2","opacity":0.5,"outlineColor":"#5465f2","outlineWidth":2},{"kind":"Mark","wellKnownName":"circle","color":"#5465f2","radius":6,"opacity":0.5,"fillOpacity":0.5,"strokeColor":"#000000","strokeWidth":1},{"kind":"Text","label":"3564 outside","color":"#000000","size":10,"haloColor":"#ffffff","haloWidth":1}]}]}}},
{"type":"Feature","geometry":{"type":"Point","coordinates":[3935144.3,3757489.1]},"properties":{"SETL_CODE":3564,"שם ישוב":"כוכב השחר","ריכוז":1,"reason":"kalpi point outside all neighborhoods","mismatch_type":"outside","color":"#5465f2","style":{"name":"mismatch_style","rules":[{"name":"Mismatch","symbolizers":[{"kind":"Fill","color":"#5465f2","opacity":0.5,"outlineColor":"#5465f2","outlineWidth":2},{"kind":"Mark","wellKnownName":"circle","color":"#5465f2","radius":6,"opacity":0.5,"fillOpacity":0.5,"strokeColor":"#000000","strokeWidth":1},{"kind":"Text","label":"3564 outside","color":"#000000","size":10,"haloColor":"#ffffff","haloWidth":1}]}]}}},
{"type":"Feature","geometry":{"type":"Point","coordinates":[3915546.88125,3776521.8]},"properties":{"SETL_CODE":3570,"שם ישוב":"אריאל","ריכוז":10,"reason":"no kalpi point for this (settlement, rikuz)","mismatch_type":"mismatch","color":"#93f254","style":{"name":"mismatch_style","rules":[{"name":"Mismatch","symbolizers":[{"kind":"Fill","color":"#93f254","opacity":0.5,"outlineColor":"#93f254","outlineWidth":2},{"kind":"Mark","wellKnownName":"circle","color":"#93f254","radius":6,"opacity":0.5,"fillOpacity":0.5,"strokeColor":"#000000","strokeWidth":1},{"kind":"Text","label":"3570 mismatch","color":"#000000","size":10,"haloColor":"#ffffff","haloWidth":1}]}]}}},
{"type":"Feature","geometry":{"type":"Point","coordinates":[3915546.88125,3776521.8]},"properties":{"SETL_CODE":3570,"שם ישוב":"אריאל","ריכוז":13,"reason":"no kalpi point for this (settlement, rikuz)","mismatch_type":"mismatch","color":"#93f254","style":{"name":"mismatch_style","rules":[{"name":"Mismatch","symbolizers":[{"kind":"Fill","color":"#93f254","opacity":0.5,"outlineColor":"#93f254","outlineWidth":2},{"kind":"Mark","wellKnownName":"circle","color":"#93f254","radius":6,"opacity":0.5,"fillOpacity":0.5,"strokeColor":"#000000","strokeWidth":1},{"kind":"Text","label":"3570 mismatch","color":"#000000","size":10,"haloColor":"#ffffff","haloWidth":1}]}]}}},
{"type":"Feature","geometry":{"type":"Point","coordinates":[3915546.88125,3776521.8]},"properties":{"SETL_CODE":3570,"שם ישוב":"אריאל","ריכוז":21,"reason":"no kalpi point for this (settlement, rikuz)","mismatch_type":"mismatch","color":"#93f254","style":{"name":"mismatch_style","rules":[{"name":"Mismatch","symbolizers":[{"kind":"Fill","color":"#93f254","opacity":0.5,"outlineColor":"#93f254","outlineWidth":2},{"kind":"Mark","wellKnownName":"circle","color":"#93f254","radius":6,"opacity":0.5,"fillOpacity":0.5,"strokeColor":"#000000","strokeWidth":1},{"kind":"Text","label":"3570 mismatch","color":"#000000","size":10,"haloColor":"#ffffff","haloWidth":1}]}]}}},
{"type":"Feature","geometry":{"type":"Point","coordinates":[3915546.88125,3776521.8]},"properties":{"SETL_CODE":3570,"שם ישוב":"אריאל","ריכוז":23,"reason":"no kalpi point for this (settlement, rikuz)","mismatch_type":"mismatch","color":"#93f254","style":{"name":"mismatch_style","rules":[{"name":"Mismatch","symbolizers":[{"kind":"Fill","color":"#93f254","opacity":0.5,"outlineColor":"#93f254","outlineWidth":2},{"kind":"Mark","wellKnownName":"circle","color":"#93f254","radius":6,"opacity":0.5,"fillOpacity":0.5,"strokeColor":"#000000","strokeWidth":1},{"kind":"Text","label":"3570 mismatch","color":"#000000","size":10,"haloColor":"#ffffff","haloWidth":1}]}]}}},
{"type":"Feature","geometry":{"type":"Point","coordinates":[3915546.88125,3776521.8]},"properties":{"SETL_CODE":3570,"שם ישוב":"אריאל","ריכוז":25,"reason":"no kalpi point for this (settlement, rikuz)","mismatch_type":"mismatch","color":"#93f254","style":{"name":"mismatch_style","rules":[{"name":"Mismatch","symbolizers":[{"kind":"Fill","color":"#93f254","opacity":0.5,"outlineColor":"#93f254","outlineWidth":2},{"kind":"Mark","wellKnownName":"circle","color":"#93f254","radius":6,"opacity":0.5,"fillOpacity":0.5,"strokeColor":"#000000","strokeWidth":1},{"kind":"Text","label":"3570 mismatch","color":"#000000","size":10,"haloColor":"#ffffff","haloWidth":1}]}]}}},
{"type":"Feature","geometry":{"type":"Point","coordinates":[3923173.2,3778898.5]},"properties":{"SETL_CODE":3572,"שם ישוב":"כפר תפוח","ריכוז":1,"reason":"kalpi point outside all neighborhoods","mismatch_type":"outside","color":"#f254c1","style":{"name":"mismatch_style","rules":[{"name":"Mismatch","symbolizers":[{"kind":"Fill","color":"#f254c1","opacity":0.5,"outlineColor":"#f254c1","outlineWidth":2},{"kind":"Mark","wellKnownName":"circle","color":"#f254c1","radius":6,"opacity":0.5,"fillOpacity":0.5,"strokeColor":"#000000","strokeWidth":1},{"kind":"Text","label":"3572 outside","color":"#000000","size":10,"haloColor":"#ffffff","haloWidth":1}]}]}}},
{"type":"Feature","geometry":{"type":"Point","coordinates":[3940500.4,3739465.6]},"properties":{"SETL_CODE":3576,"שם ישוב":"מצפה יריחו","ריכוז":2,"reason":"kalpi point outside all neighborhoods","mismatch_type":"outside","color":"#54eef2","style":{"name":"mismatch_style","rules":[{"name":"Mismatch","symbolizers":[{"kind":"Fill","color":"#54eef2","opacity":0.5,"outlineColor":"#54eef2","outlineWidth":2},{"kind":"Mark","wellKnownName":"circle","color":"#54eef2","radius":6,"opacity":0.5,"fillOpacity":0.5,"strokeColor":"#000000","strokeWidth":1},{"kind":"Text","label":"3576 outside","color":"#000000","size":10,"haloColor":"#ffffff","haloWidth":1}]}]}}},
{"type":"Feature","geometry":{"type":"Point","coordinates":[3940500.4,3739465.6]},"properties":{"SETL_CODE":3576,"שם ישוב":"מצפה יריחו","ריכוז":2,"reason":"kalpi point outside all neighborhoods","mismatch_type":"outside","color":"#54eef2","style":{"name":"mismatch_style","rules":[{"name":"Mismatch","symbolizers":[{"kind":"Fill","color":"#54eef2","opacity":0.5,"outlineColor":"#54eef2","outlineWidth":2},{"kind":"Mark","wellKnownName":"circle","color":"#54eef2","radius":6,"opacity":0.5,"fillOpacity":0.5,"strokeColor":"#000000","strokeWidth":1},{"kind":"Text","label":"3576 outside","color":"#000000","size":10,"haloColor":"#ffffff","haloWidth":1}]}]}}},
{"type":"Feature","geometry":{"type":"Point","coordinates":[3940500.4,3739465.6]},"properties":{"SETL_CODE":3576,"שם ישוב":"מצפה יריחו","ריכוז":2,"reason":"kalpi point outside all neighborhoods","mismatch_type":"outside","color":"#54eef2","style":{"name":"mismatch_style","rules":[{"name":"Mismatch","symbolizers":[{"kind":"Fill","color":"#54eef2","opacity":0.5,"outlineColor":"#54eef2","outlineWidth":2},{"kind":"Mark","wellKnownName":"circle","color":"#54eef2","radius":6,"opacity":0.5,"fillOpacity":0.5,"strokeColor":"#000000","strokeWidth":1},{"kind":"Text","label":"3576 outside","color":"#000000","size":10,"haloColor":"#ffffff","haloWidth":1}]}]}}},
{"type":"Feature","geometry":{"type":"Point","coordinates":[3933442.5,3793798.7]},"properties":{"SETL_CODE":3579,"שם ישוב":"אלון מורה","ריכוז":1,"reason":"no kalpi point for this (settlement, rikuz)","mismatch_type":"mismatch","color":"#f2c754","style":{"name":"mismatch_style","rules":[{"name":"Mismatch","symbolizers":[{"kind":"Fill","color":"#f2c754","opacity":0.5,"outlineColor":"#f2c754","outlineWidth":2},{"kind":"Mark","wellKnownName":"circle","color":"#f2c754","radius":6,"opacity":0.5,"fillOpacity":0.5,"strokeColor":"#000000","strokeWidth":1},{"kind":"Text","label":"3579 mismatch","color":"#000000","size":10,"haloColor":"#ffffff","haloWidth":1}]}]}}},
{"type":"Feature","geometry":{"type":"Point","coordinates":[3943417.0,3756372.75]},"properties":{"SETL_CODE":3607,"שם ישוב":"ייטב","ריכוז":1,"reason":"no kalpi point for this (settlement, rikuz)","mismatch_type":"mismatch","color":"#9954f2","style":{"name":"mismatch_style","rules":[{"name":"Mismatch","symbolizers":[{"kind":"Fill","color":"#9954f2","opacity":0.5,"outlineColor":"#9954f2","outlineWidth":2},{"kind":"Mark","wellKnownName":"circle","color":"#9954f2","radius":6,"opacity":0.5,"fillOpacity":0.5,"strokeColor":"#000000","strokeWidth":1},{"kind":"Text","label":"3607 mismatch","color":"#000000","size":10,"haloColor":"#ffffff","haloWidth":1}]}]}}},
{"type":"Feature","geometry":{"type":"Point","coordinates":[3940616.0,3706679.9]},"properties":{"SETL_CODE":3610,"שם ישוב":"מצפה שלם","ריכוז":1,"reason":"kalpi point outside all neighborhoods","mismatch_type":"outside","color":"#54f26b","style":{"name":"mismatch_style","rules":[{"name":"Mismatch","symbolizers":[{"kind":"Fill","color":"#54f26b","opacity":0.5,"outlineColor":"#54f26b","outlineWidth":2},{"kind":"Mark","wellKnownName":"circle","color":"#54f26b","radius":6,"opacity":0.5,"fillOpacity":0.5,"strokeColor":"#000000","strokeWidth":1},{"kind":"Text","label":"3610 outside","color":"#000000","size":10,"haloColor":"#ffffff","haloWidth":1}]}]}}},
{"type":"Feature","geometry":{"type":"Point","coordinates":[3940427.5999999996,3776756.9]},"properties":{"SETL_CODE":3613,"שם ישוב":"גיתית","ריכוז":1,"reason":"no kalpi point for this (settlement, rikuz)","mismatch_type":"mismatch","color":"#f2546b","style":{"name":"mismatch_style","rules":[{"name":"Mismatch","symbolizers":[{"kind":"Fill","color":"#f2546b","opacity":0.5,"outlineColor":"#f2546b","outlineWidth":2},{"kind":"Mark","wellKnownName":"circle","color":"#f2546b","radius":6,"opacity":0.5,"fillOpacity":0.5,"strokeColor":"#000000","strokeWidth":1},{"kind":"Text","label":"3613 mismatch","color":"#000000","size":10,"haloColor":"#ffffff","haloWidth":1}]}]}}},
{"type":"Feature","geometry":{"type":"Point","coordinates":[3943290.5,3785006.25]},"properties":{"SETL_CODE":3614,"שם ישוב":"מכורה","ריכוז":1,"reason":"no kalpi point for this (settlement, rikuz)","mismatch_type":"mismatch","color":"#5499f2","style":{"name":"mismatch_style","rules":[{"name":"Mismatch","symbolizers":[{"kind":"Fill","color":"#5499f2","opacity":0.5,"outlineColor":"#5499f2","outlineWidth":2},{"kind":"Mark","wellKnownName":"circle","color":"#5499f2","radius":6,"opacity":0.5,"fillOpacity":0.5,"strokeColor":"#000000","strokeWidth":1},{"kind":"Text","label":"3614 mismatch","color":"#000000","size":10,"haloColor":"#ffffff","haloWidth":1}]}]}}},
{"type":"Feature","geometry":{"type":"Point","coordinates":[3932429.6,3740037.3]},"properties":{"SETL_CODE":3638,"שם ישוב":"כפר אדומים","ריכוז":3,"reason":"kalpi point outside all neighborhoods","mismatch_type":"outside","color":"#c7f254","style":{"name":"mismatch_style","rules":[{"name":"Mismatch","symbolizers":[{"kind":"Fill","color":"#c7f254","opacity":0.5,"outlineColor":"#c7f254","outlineWidth":2},{"kind":"Mark","wellKnownName":"circle","color":"#c7f254","radius":6,"opacity":0.5,"fillOpacity":0.5,"strokeColor":"#000000","strokeWidth":1},{"kind":"Text","label":"3638 outside","color":"#000000","size":10,"haloColor":"#ffffff","haloWidth":1}]}]}}},
{"type":"Feature","geometry":{"type":"Point","coordinates":[3932429.6,3740037.3]},"properties":{"SETL_CODE":3638,"שם ישוב":"כפר אדומים","ריכוז":3,"reason":"kalpi point outside all neighborhoods","mismatch_type":"outside","color":"#c7f254","style":{"name":"mismatch_style","rules":[{"name":"Mismatch","symbolizers":[{"kind":"Fill","color":"#c7f254","opacity":0.5,"outlineColor":"#c7f254","outlineWidth":2},{"kind":"Mark","wellKnownName":"circle","color":"#c7f254","radius":6,"opacity":0.5,"fillOpacity":0.5,"strokeColor":"#000000","strokeWidth":1},{"kind":"Text","label":"3638 outside","color":"#000000","size":10,"haloColor":"#ffffff","haloWidth":1}]}]}}},
{"type":"Feature","geometry":{"type":"Point","coordinates":[3932429.6,3740037.3]},"properties":{"SETL_CODE":3638,"שם ישוב":"כפר אדומים","ריכוז":3,"reason":"kalpi point outside all neighborhoods","mismatch_type":"outside","color":"#c7f254","style":{"name":"mismatch_style","rules":[{"name":"Mismatch","symbolizers":[{"kind":"Fill","color":"#c7f254","opacity":0.5,"outlineColor":"#c7f254","outlineWidth":2},{"kind":"Mark","wellKnownName":"circle","color":"#c7f254","radius":6,"opacity":0.5,"fillOpacity":0.5,"strokeColor":"#000000","strokeWidth":1},{"kind":"Text","label":"3638 outside","color":"#000000","size":10,"haloColor":"#ffffff","haloWidth":1}]}]}}},
{"type":"Feature","geometry":{"type":"Point","coordinates":[3932429.6,3740037.3]},"properties":{"SETL_CODE":3638,"שם ישוב":"כפר אדומים","ריכוז":5,"reason":"kalpi point outside all neighborhoods","mismatch_type":"outside","color":"#c7f254","style":{"name":"mismatch_style","rules":[{"name":"Mismatch","symbolizers":[{"kind":"Fill","color":"#c7f254","opacity":0.5,"outlineColor":"#c7f254","outlineWidth":2},{"kind":"Mark","wellKnownName":"circle","color":"#c7f254","radius":6,"opacity":0.5,"fillOpacity":0.5,"strokeColor":"#000000","strokeWidth":1},{"kind":"Text","label":"3638 outside","color":"#000000","size":10,"haloColor":"#ffffff","haloWidth":1}]}]}}},
{"type":"Feature","geometry":{"type":"Point","coordinates":[3914608.8,3826713.1]},"properties":{"SETL_CODE":3643,"שם ישוב":"חיננית","ריכוז":1,"reason":"kalpi point outside all neighborhoods","mismatch_type":"outside","color":"#ee54f2","style":{"name":"mismatch_style","rules":[{"name":"Mismatch","symbolizers":[{"kind":"Fill","color":"#ee54f2","opacity":0.5,"outlineColor":"#ee54f2","outlineWidth":2},{"kind":"Mark","wellKnownName":"circle","color":"#ee54f2","radius":6,"opacity":0.5,"fillOpacity":0.5,"strokeColor":"#000000","strokeWidth":1},{"kind":"Text","label":"3643 outside","color":"#000000","size":10,"haloColor":"#ffffff","haloWidth":1}]}]}}},
{"type":"Feature","geometry":{"type":"Point","coordinates":[3914608.8,3826713.1]},"properties":{"SETL_CODE":3643,"שם ישוב":"חיננית","ריכוז":1,"reason":"kalpi point outside all neighborhoods","mismatch_type":"outside","color":"#ee54f2","style":{"name":"mismatch_style","rules":[{"name":"Mismatch","symbolizers":[{"kind":"Fill","color":"#ee54f2","opacity":0.5,"outlineColor":"#ee54f2","outlineWidth":2},{"kind":"Mark","wellKnownName":"circle","color":"#ee54f2","radius":6,"opacity":0.5,"fillOpacity":0.5,"strokeColor":"#000000","strokeWidth":1},{"kind":"Text","label":"3643 outside","color":"#000000","size":10,"haloColor":"#ffffff","haloWidth":1}]}]}}},
{"type":"Feature","geometry":{"type":"Point","coordinates":[3950367.5,3738245.9]},"properties":{"SETL_CODE":3645,"שם ישוב":"בית הערבה","ריכוז":2,"reason":"kalpi point outside all neighborhoods","mismatch_type":"outside","color":"#54f2c0","style":{"name":"mismatch_style","rules":[{"name":"Mismatch","symbolizers":[{"kind":"Fill","color":"#54f2c0","opacity":0.5,"outlineColor":"#54f2c0","outlineWidth":2},{"kind":"Mark","wellKnownName":"circle","color":"#54f2c0","radius":6,"opacity":0.5,"fillOpacity":0.5,"strokeColor":"#000000","strokeWidth":1},{"kind":"Text","label":"3645 outside","color":"#000000","size":10,"haloColor":"#ffffff","haloWidth":1}]}]}}},
{"type":"Feature","geometry":{"type":"Point","coordinates":[3930696.0,3746807.6]},"properties":{"SETL_CODE":3651,"שם ישוב":"מעלה מכמש","ריכוז":1,"reason":"kalpi point outside all neighborhoods","mismatch_type":"outside","color":"#f29254","style":{"name":"mismatch_style","rules":[{"name":"Mismatch","symbolizers":[{"kind":"Fill","color":"#f29254","opacity":0.5,"outlineColor":"#f29254","outlineWidth":2},{"kind":"Mark","wellKnownName":"circle","color":"#f29254","radius":6,"opacity":0.5,"fillOpacity":0.5,"strokeColor":"#000000","strokeWidth":1},{"kind":"Text","label":"3651 outside","color":"#000000","size":10,"haloColor":"#ffffff","haloWidth":1}]}]}}},
{"type":"Feature","geometry":{"type":"Point","coordinates":[3930696.0,3746807.6]},"properties":{"SETL_CODE":3651,"שם ישוב":"מעלה מכמש","ריכוז":1,"reason":"kalpi point outside all neighborhoods","mismatch_type":"outside","color":"#f29254","style":{"name":"mismatch_style","rules":[{"name":"Mismatch","symbolizers":[{"kind":"Fill","color":"#f29254","opacity":0.5,"outlineColor":"#f29254","outlineWidth":2},{"kind":"Mark","wellKnownName":"circle","color":"#f29254","radius":6,"opacity":0.5,"fillOpacity":0.5,"strokeColor":"#000000","strokeWidth":1},{"kind":"Text","label":"3651 outside","color":"#000000","size":10,"haloColor":"#ffffff","haloWidth":1}]}]}}},
{"type":"Feature","geometry":{"type":"Point","coordinates":[3921062.8,3711102.1]},"properties":{"SETL_CODE":3653,"שם ישוב":"מעלה עמוס","ריכוז":2,"reason":"kalpi point outside all neighborhoods","mismatch_type":"outside","color":"#6454f2","style":{"name":"mismatch_style","rules":[{"name":"Mismatch","symbolizers":[{"kind":"Fill","color":"#6454f2","opacity":0.5,"outlineColor":"#6454f2","outlineWidth":2},{"kind":"Mark","wellKnownName":"circle","color":"#6454f2","radius":6,"opacity":0.5,"fillOpacity":0.5,"strokeColor":"#000000","strokeWidth":1},{"kind":"Text","label":"3653 outside","color":"#000000","size":10,"haloColor":"#ffffff","haloWidth":1}]}]}}},
{"type":"Feature","geometry":{"type":"Point","coordinates":[3916751.3,3688773.2]},"properties":{"SETL_CODE":3656,"שם ישוב":"כרמל","ריכוז":1,"reason":"kalpi point outside all neighborhoods","mismatch_type":"outside","color":"#72f254","style":{"name":"mismatch_style","rules":[{"name":"Mismatch","symbolizers":[{"kind":"Fill","color":"#72f254","opacity":0.5,"outlineColor":"#72f254","outlineWidth":2},{"kind":"Mark","wellKnownName":"circle","color":"#72f254","radius":6,"opacity":0.5,"fillOpacity":0.5,"strokeColor":"#000000","strokeWidth":1},{"kind":"Text","label":"3656 outside","color":"#000000","size":10,"haloColor":"#ffffff","haloWidth":1}]}]}}},
{"type":"Feature","geometry":{"type":"Point","coordinates":[3925110.3,3788598.3]},"properties":{"SETL_CODE":3710,"שם ישוב":"ברכה","ריכוז":2,"reason":"kalpi point outside all neighborhoods","mismatch_type":"outside","color":"#f254a0","style":{"name":"mismatch_style","rules":[{"name":"Mismatch","symbolizers":[{"kind":"Fill","color":"#f254a0","opacity":0.5,"outlineColor":"#f254a0","outlineWidth":2},{"kind":"Mark","wellKnownName":"circle","color":"#f254a0","radius":6,"opacity":0.5,"fillOpacity":0.5,"strokeColor":"#000000","strokeWidth":1},{"kind":"Text","label":"3710 outside","color":"#000000","size":10,"haloColor":"#ffffff","haloWidth":1}]}]}}},
{"type":"Feature","geometry":{"type":"Point","coordinates":[3925110.3,3788598.3]},"properties":{"SETL_CODE":3710,"שם ישוב":"ברכה","ריכוז":2,"reason":"kalpi point outside all neighborhoods","mismatch_type":"outside","color":"#f254a0","style":{"name":"mismatch_style","rules":[{"name":"Mismatch","symbolizers":[{"kind":"Fill","color":"#f254a0","opacity":0.5,"outlineColor":"#f254a0","outlineWidth":2},{"kind":"Mark","wellKnownName":"circle","color":"#f254a0","radius":6,"opacity":0.5,"fillOpacity":0.5,"strokeColor":"#000000","strokeWidth":1},{"kind":"Text","label":"3710 outside","color":"#000000","size":10,"haloColor":"#ffffff","haloWidth":1}]}]}}},
{"type":"Feature","geometry":{"type":"Point","coordinates":[3925110.3,3788598.3]},"properties":{"SETL_CODE":3710,"שם ישוב":"ברכה","ריכוז":2,"reason":"kalpi point outside all neighborhoods","mismatch_type":"outside","color":"#f254a0","style":{"name":"mismatch_style","rules":[{"name":"Mismatch","symbolizers":[{"kind":"Fill","color":"#f254a0","opacity":0.5,"outlineColor":"#f254a0","outlineWidth":2},{"kind":"Mark","wellKnownName":"circle","color":"#f254a0","radius":6,"opacity":0.5,"fillOpacity":0.5,"strokeColor":"#000000","strokeWidth":1},{"kind":"Text","label":"3710 outside","color":"#000000","size":10,"haloColor":"#ffffff","haloWidth":1}]}]}}},
{"type":"Feature","geometry":{"type":"Point","coordinates":[3910254.95,3800988.4000000004]},"properties":{"SETL_CODE":3712,"שם ישוב":"ענב","ריכוז":1,"reason":"no kalpi point for this (settlement, rikuz)","mismatch_type":"mismatch","color":"#54cef2","style":{"name":"mismatch_style","rules":[{"name":"Mismatch","symbolizers":[{"kind":"Fill","color":"#54cef2","opacity":0.5,"outlineColor":"#54cef2","outlineWidth":2},{"kind":"Mark","wellKnownName":"circle","color":"#54cef2","radius":6,"opacity":0.5,"fillOpacity":0.5,"strokeColor":"#000000","strokeWidth":1},{"kind":"Text","label":"3712 mismatch","color":"#000000","size":10,"haloColor":"#ffffff","haloWidth":1}]}]}}},
{"type":"Feature","geometry":{"type":"Point","coordinates":[3899625.5999999996,3706342.3]},"properties":{"SETL_CODE":3719,"שם ישוב":"תלם","ריכוז":1,"reason":"no kalpi point for this (settlement, rikuz)","mismatch_type":"mismatch","color":"#f2e854","style":{"name":"mismatch_style","rules":[{"name":"Mismatch","symbolizers":[{"kind":"Fill","color":"#f2e854","opacity":0.5,"outlineColor":"#f2e854","outlineWidth":2},{"kind":"Mark","wellKnownName":"circle","color":"#f2e854","radius":6,"opacity":0.5,"fillOpacity":0.5,"strokeColor":"#000000","strokeWidth":1},{"kind":"Text","label":"3719 mismatch","color":"#000000","size":10,"haloColor":"#ffffff","haloWidth":1}]}]}}},
{"type":"Feature","geometry":{"type":"Point","coordinates":[3885246.9,3683541.4]},"properties":{"SETL_CODE":3722,"שם ישוב":"אשכולות","ריכוז":1,"reason":"kalpi point outside all neighborhoods","mismatch_type":"outside","color":"#ba54f2","style":{"name":"mismatch_style","rules":[{"name":"Mismatch","symbolizers":[{"kind":"Fill","color":"#ba54f2","opacity":0.5,"outlineColor":"#ba54f2","outlineWidth":2},{"kind":"Mark","wellKnownName":"circle","color":"#ba54f2","radius":6,"opacity":0.5,"fillOpacity":0.5,"strokeColor":"#000000","strokeWidth":1},{"kind":"Text","label":"3722 outside","color":"#000000","size":10,"haloColor":"#ffffff","haloWidth":1}]}]}}},
{"type":"Feature","geometry":{"type":"Point","coordinates":[3924127.2,3717690.9]},"properties":{"SETL_CODE":3726,"שם ישוב":"נוקדים","ריכוז":1,"reason":"kalpi point outside all neighborhoods","mismatch_type":"outside","color":"#54f28c","style":{"name":"mismatch_style","rules":[{"name":"Mismatch","symbolizers":[{"kind":"Fill","color":"#54f28c","opacity":0.5,"outlineColor":"#54f28c","outlineWidth":2},{"kind":"Mark","wellKnownName":"circle","color":"#54f28c","radius":6,"opacity":0.5,"fillOpacity":0.5,"strokeColor":"#000000","strokeWidth":1},{"kind":"Text","label":"3726 outside","color":"#000000","size":10,"haloColor":"#ffffff","haloWidth":1}]}]}}},
{"type":"Feature","geometry":{"type":"Point","coordinates":[3924127.2,3717690.9]},"properties":{"SETL_CODE":3726,"שם ישוב":"נוקדים","ריכוז":1,"reason":"kalpi point outside all neighborhoods","mismatch_type":"outside","color":"#54f28c","style":{"name":"mismatch_style","rules":[{"name":"Mismatch","symbolizers":[{"kind":"Fill","color":"#54f28c","opacity":0.5,"outlineColor":"#54f28c","outlineWidth":2},{"kind":"Mark","wellKnownName":"circle","color":"#54f28c","radius":6,"opacity":0.5,"fillOpacity":0.5,"strokeColor":"#000000","strokeWidth":1},{"kind":"Text","label":"3726 outside","color":"#000000","size":10,"haloColor":"#ffffff","haloWidth":1}]}]}}},
{"type":"Feature","geometry":{"type":"Point","coordinates":[3924127.2,3717690.9]},"properties":{"SETL_CODE":3726,"שם ישוב":"נוקדים","ריכוז":1,"reason":"kalpi point outside all neighborhoods","mismatch_type":"outside","color":"#54f28c","style":{"name":"mismatch_style","rules":[{"name":"Mismatch","symbolizers":[{"kind":"Fill","color":"#54f28c","opacity":0.5,"outlineColor":"#54f28c","outlineWidth":2},{"kind":"Mark","wellKnownName":"circle","color":"#54f28c","radius":6,"opacity":0.5,"fillOpacity":0.5,"strokeColor":"#000000","strokeWidth":1},{"kind":"Text","label":"3726 outside","color":"#000000","size":10,"haloColor":"#ffffff","haloWidth":1}]}]}}},
{"type":"Feature","geometry":{"type":"Point","coordinates":[3908652.55,3680176.4]},"properties":{"SETL_CODE":3745,"שם ישוב":"מצדות יהודה","ריכוז":1,"reason":"no kalpi point for this (settlement, rikuz)","mismatch_type":"mismatch","color":"#f25e54","style":{"name":"mismatch_style","rules":[{"name":"Mismatch","symbolizers":[{"kind":"Fill","color":"#f25e54","opacity":0.5,"outlineColor":"#f25e54","outlineWidth":2},{"kind":"Mark","wellKnownName":"circle","color":"#f25e54","radius":6,"opacity":0.5,"fillOpacity":0.5,"strokeColor":"#000000","strokeWidth":1},{"kind":"Text","label":"3745 mismatch","color":"#000000","size":10,"haloColor":"#ffffff","haloWidth":1}]}]}}},
{"type":"Feature","geometry":{"type":"Point","coordinates":[3922614.8,3785015.1]},"properties":{"SETL_CODE":3749,"שם ישוב":"יצהר","ריכוז":2,"reason":"kalpi point outside all neighborhoods","mismatch_type":"outside","color":"#5479f2","style":{"name":"mismatch_style","rules":[{"name":"Mismatch","symbolizers":[{"kind":"Fill","color":"#5479f2","opacity":0.5,"outlineColor":"#5479f2","outlineWidth":2},{"kind":"Mark","wellKnownName":"circle","color":"#5479f2","radius":6,"opacity":0.5,"fillOpacity":0.5,"strokeColor":"#000000","strokeWidth":1},{"kind":"Text","label":"3749 outside","color":"#000000","size":10,"haloColor":"#ffffff","haloWidth":1}]}]}}},
{"type":"Feature","geometry":{"type":"Point","coordinates":[3922614.8,3785015.1]},"properties":{"SETL_CODE":3749,"שם ישוב":"יצהר","ריכוז":2,"reason":"kalpi point outside all neighborhoods","mismatch_type":"outside","color":"#5479f2","style":{"name":"mismatch_style","rules":[{"name":"Mismatch","symbolizers":[{"kind":"Fill","color":"#5479f2","opacity":0.5,"outlineColor":"#5479f2","outlineWidth":2},{"kind":"Mark","wellKnownName":"circle","color":"#5479f2","radius":6,"opacity":0.5,"fillOpacity":0.5,"strokeColor":"#000000","strokeWidth":1},{"kind":"Text","label":"3749 outside","color":"#000000","size":10,"haloColor":"#ffffff","haloWidth":1}]}]}}},
{"type":"Feature","geometry":{"type":"Point","coordinates":[3917359.8,3709272.9]},"properties":{"SETL_CODE":3754,"שם ישוב":"אספר","ריכוז":1,"reason":"kalpi point outside all neighborhoods","mismatch_type":"outside","color":"#a7f254","style":{"name":"mismatch_style","rules":[{"name":"Mismatch","symbolizers":[{"kind":"Fill","color":"#a7f254","opacity":0.5,"outlineColor":"#a7f254","outlineWidth":2},{"kind":"Mark","wellKnownName":"circle","color":"#a7f254","radius":6,"opacity":0.5,"fillOpacity":0.5,"strokeColor":"#000000","strokeWidth":1},{"kind":"Text","label":"3754 outside","color":"#000000","size":10,"haloColor":"#ffffff","haloWidth":1}]}]}}},
{"type":"Feature","geometry":{"type":"Point","coordinates":[3885261.1,3680050.0]},"properties":{"SETL_CODE":3777,"שם ישוב":"סנסנה","ריכוז":1,"reason":"kalpi point outside all neighborhoods","mismatch_type":"outside","color":"#f254d5","style":{"name":"mismatch_style","rules":[{"name":"Mismatch","symbolizers":[{"kind":"Fill","color":"#f254d5","opacity":0.5,"outlineColor":"#f254d5","outlineWidth":2},{"kind":"Mark","wellKnownName":"circle","color":"#f254d5","radius":6,"opacity":0.5,"fillOpacity":0.5,"strokeColor":"#000000","strokeWidth":1},{"kind":"Text","label":"3777 outside","color":"#000000","size":10,"haloColor":"#ffffff","haloWidth":1}]}]}}},
{"type":"Feature","geometry":{"type":"Point","coordinates":[3923321.5,3747580.7]},"properties":{"SETL_CODE":3779,"שם ישוב":"כוכב יעקב","ריכוז":1,"reason":"no kalpi point for this (settlement, rikuz)","mismatch_type":"mismatch","color":"#54f2e1","style":{"name":"mismatch_style","rules":[{"name":"Mismatch","symbolizers":[{"kind":"Fill","color":"#54f2e1","opacity":0.5,"outlineColor":"#54f2e1","outlineWidth":2},{"kind":"Mark","wellKnownName":"circle","color":"#54f2e1","radius":6,"opacity":0.5,"fillOpacity":0.5,"strokeColor":"#000000","strokeWidth":1},{"kind":"Text","label":"3779 mismatch","color":"#000000","size":10,"haloColor":"#ffffff","haloWidth":1}]}]}}},
{"type":"Feature","geometry":{"type":"Point","coordinates":[3923321.5,3747580.7]},"properties":{"SETL_CODE":3779,"שם ישוב":"כוכב יעקב","ריכוז":4,"reason":"no kalpi point for this (settlement, rikuz)","mismatch_type":"mismatch","color":"#54f2e1","style":{"name":"mismatch_style","rules":[{"name":"Mismatch","symbolizers":[{"kind":"Fill","color":"#54f2e1","opacity":0.5,"outlineColor":"#54f2e1","outlineWidth":2},{"kind":"Mark","wellKnownName":"circle","color":"#54f2e1","radius":6,"opacity":0.5,"fillOpacity":0.5,"strokeColor":"#000000","strokeWidth":1},{"kind":"Text","label":"3779 mismatch","color":"#000000","size":10,"haloColor":"#ffffff","haloWidth":1}]}]}}},
{"type":"Feature","geometry":{"type":"Point","coordinates":[3923321.5,3747580.7]},"properties":{"SETL_CODE":3779,"שם ישוב":"כוכב יעקב","ריכוז":5,"reason":"no kalpi point for this (settlement, rikuz)","mismatch_type":"mismatch","color":"#54f2e1","style":{"name":"mismatch_style","rules":[{"name":"Mismatch","symbolizers":[{"kind":"Fill","color":"#54f2e1","opacity":0.5,"outlineColor":"#54f2e1","outlineWidth":2},{"kind":"Mark","wellKnownName":"circle","color":"#54f2e1","radius":6,"opacity":0.5,"fillOpacity":0.5,"strokeColor":"#000000","strokeWidth":1},{"kind":"Text","label":"3779 mismatch","color":"#000000","size":10,"haloColor":"#ffffff","haloWidth":1}]}]}}},
{"type":"Feature","geometry":{"type":"Point","coordinates":[3908743.858333333,3723662.733333333]},"properties":{"SETL_CODE":3780,"שם ישוב":"ביתר עילית","ריכוז":29,"reason":"no kalpi point for this (settlement, rikuz)","mismatch_type":"mismatch","color":"#f2b354","style":{"name":"mismatch_style","rules":[{"name":"Mismatch","symbolizers":[{"kind":"Fill","color":"#f2b354","opacity":0.5,"outlineColor":"#f2b354","outlineWidth":2},{"kind":"Mark","wellKnownName":"circle","color":"#f2b354","radius":6,"opacity":0.5,"fillOpacity":0.5,"strokeColor":"#000000","strokeWidth":1},{"kind":"Text","label":"3780 mismatch","color":"#000000","size":10,"haloColor":"#ffffff","haloWidth":1}]}]}}},
{"type":"Feature","geometry":{"type":"Point","coordinates":[3954028.2,3807692.5]},"properties":{"SETL_CODE":3782,"שם ישוב":"רותם","ריכוז":1,"reason":"no kalpi point for this (settlement, rikuz)","mismatch_type":"mismatch","color":"#8554f2","style":{"name":"mismatch_style","rules":[{"name":"Mismatch","symbolizers":[{"kind":"Fill","color":"#8554f2","opacity":0.5,"outlineColor":"#8554f2","outlineWidth":2},{"kind":"Mark","wellKnownName":"circle","color":"#8554f2","radius":6,"opacity":0.5,"fillOpacity":0.5,"strokeColor":"#000000","strokeWidth":1},{"kind":"Text","label":"3782 mismatch","color":"#000000","size":10,"haloColor":"#ffffff","haloWidth":1}]}]}}},
{"type":"Feature","geometry":{"type":"Point","coordinates":[3897604.9,3683501.1]},"properties":{"SETL_CODE":3784,"שם ישוב":"שמעה","ריכוז":1,"reason":"kalpi point outside all neighborhoods","mismatch_type":"outside","color":"#54f257","style":{"name":"mismatch_style","rules":[{"name":"Mismatch","symbolizers":[{"kind":"Fill","color":"#54f257","opacity":0.5,"outlineColor":"#54f257","outlineWidth":2},{"kind":"Mark","wellKnownName":"circle","color":"#54f257","radius":6,"opacity":0.5,"fillOpacity":0.5,"strokeColor":"#000000","strokeWidth":1},{"kind":"Text","label":"3784 outside","color":"#000000","size":10,"haloColor":"#ffffff","haloWidth":1}]}]}}},
{"type":"Feature","geometry":{"type":"Point","coordinates":[3911505.7,3756372.6]},"properties":{"SETL_CODE":3788,"שם ישוב":"טלמון","ריכוז":1,"reason":"kalpi point outside all neighborhoods","mismatch_type":"outside","color":"#f2547f","style":{"name":"mismatch_style","rules":[{"name":"Mismatch","symbolizers":[{"kind":"Fill","color":"#f2547f","opacity":0.5,"outlineColor":"#f2547f","outlineWidth":2},{"kind":"Mark","wellKnownName":"circle","color":"#f2547f","radius":6,"opacity":0.5,"fillOpacity":0.5,"strokeColor":"#000000","strokeWidth":1},{"kind":"Text","label":"3788 outside","color":"#000000","size":10,"haloColor":"#ffffff","haloWidth":1}]}]}}},
{"type":"Feature","geometry":{"type":"Point","coordinates":[3911505.7,3756372.6]},"properties":{"SETL_CODE":3788,"שם ישוב":"טלמון","ריכוז":1,"reason":"kalpi point outside all neighborhoods","mismatch_type":"outside","color":"#f2547f","style":{"name":"mismatch_style","rules":[{"name":"Mismatch","symbolizers":[{"kind":"Fill","color":"#f2547f","opacity":0.5,"outlineColor":"#f2547f","outlineWidth":2},{"kind":"Mark","wellKnownName":"circle","color":"#f2547f","radius":6,"opacity":0.5,"fillOpacity":0.5,"strokeColor":"#000000","strokeWidth":1},{"kind":"Text","label":"3788 outside","color":"#000000","size":10,"haloColor":"#ffffff","haloWidth":1}]}]}}},
{"type":"Feature","geometry":{"type":"Point","coordinates":[3910394.9,3778934.8499999996]},"properties":{"SETL_CODE":3795,"שם ישוב":"רבבה","ריכוז":2,"reason":"no kalpi point for this (settlement, rikuz)","mismatch_type":"mismatch","color":"#54adf2","style":{"name":"mismatch_style","rules":[{"name":"Mismatch","symbolizers":[{"kind":"Fill","color":"#54adf2","opacity":0.5,"outlineColor":"#54adf2","outlineWidth":2},{"kind":"Mark","wellKnownName":"circle","color":"#54adf2","radius":6,"opacity":0.5,"fillOpacity":0.5,"strokeColor":"#000000","strokeWidth":1},{"kind":"Text","label":"3795 mismatch","color":"#000000","size":10,"haloColor":"#ffffff","haloWidth":1}]}]}}},
{"type":"Feature","geometry":{"type":"Point","coordinates":[3898060.95,3753960.5999999996]},"properties":{"SETL_CODE":3823,"שם ישוב":"גני מודיעין","ריכוז":1,"reason":"no kalpi point for this (settlement, rikuz)","mismatch_type":"mismatch","color":"#dbf254","style":{"name":"mismatch_style","rules":[{"name":"Mismatch","symbolizers":[{"kind":"Fill","color":"#dbf254","opacity":0.5,"outlineColor":"#dbf254","outlineWidth":2},{"kind":"Mark","wellKnownName":"circle","color":"#dbf254","radius":6,"opacity":0.5,"fillOpacity":0.5,"strokeColor":"#000000","strokeWidth":1},{"kind":"Text","label":"3823 mismatch","color":"#000000","size":10,"haloColor":"#ffffff","haloWidth":1}]}]}}},
{"type":"Feature","geometry":{"type":"Point","coordinates":[3898060.95,3753960.5999999996]},"properties":{"SETL_CODE":3823,"שם ישוב":"גני מודיעין","ריכוז":2,"reason":"no kalpi point for this (settlement, rikuz)","mismatch_type":"mismatch","color":"#dbf254","style":{"name":"mismatch_style","rules":[{"name":"Mismatch","symbolizers":[{"kind":"Fill","color":"#dbf254","opacity":0.5,"outlineColor":"#dbf254","outlineWidth":2},{"kind":"Mark","wellKnownName":"circle","color":"#dbf254","radius":6,"opacity":0.5,"fillOpacity":0.5,"strokeColor":"#000000","strokeWidth":1},{"kind":"Text","label":"3823 mismatch","color":"#000000","size":10,"haloColor":"#ffffff","haloWidth":1}]}]}}},
{"type":"Feature","geometry":{"type":"Point","coordinates":[3896294.082278481,3868972.2740506325]},"properties":{"SETL_CODE":4000,"שם ישוב":"חיפה","ריכוז":197,"reason":"no kalpi point for this (settlement, rikuz)","mismatch_type":"mismatch","color":"#da54f2","style":{"name":"mismatch_style","rules":[{"name":"Mismatch","symbolizers":[{"kind":"Fill","color":"#da54f2","opacity":0.5,"outlineColor":"#da54f2","outlineWidth":2},{"kind":"Mark","wellKnownName":"circle","color":"#da54f2","radius":6,"opacity":0.5,"fillOpacity":0.5,"strokeColor":"#000000","strokeWidth":1},{"kind":"Text","label":"4000 mismatch","color":"#000000","size":10,"haloColor":"#ffffff","haloWidth":1}]}]}}},
{"type":"Feature","geometry":{"type":"Point","coordinates":[3896294.082278481,3868972.2740506325]},"properties":{"SETL_CODE":4000,"שם ישוב":"חיפה","ריכוז":220,"reason":"no kalpi point for this (settlement, rikuz)","mismatch_type":"mismatch","color":"#da54f2","style":{"name":"mismatch_style","rules":[{"name":"Mismatch","symbolizers":[{"kind":"Fill","color":"#da54f2","opacity":0.5,"outlineColor":"#da54f2","outlineWidth":2},{"kind":"Mark","wellKnownName":"circle","color":"#da54f2","radius":6,"opacity":0.5,"fillOpacity":0.5,"strokeColor":"#000000","strokeWidth":1},{"kind":"Text","label":"4000 mismatch","color":"#000000","size":10,"haloColor":"#ffffff","haloWidth":1}]}]}}},
{"type":"Feature","geometry":{"type":"Point","coordinates":[3983077.4,3923423.3]},"properties":{"SETL_CODE":4001,"שם ישוב":"בוקעאתא","ריכוז":2,"reason":"kalpi point outside all neighborhoods","mismatch_type":"outside","color":"#54f2ac","style":{"name":"mismatch_style","rules":[{"name":"Mismatch","symbolizers":[{"kind":"Fill","color":"#54f2ac","opacity":0.5,"outlineColor":"#54f2ac","outlineWidth":2},{"kind":"Mark","wellKnownName":"circle","color":"#54f2ac","radius":6,"opacity":0.5,"fillOpacity":0.5,"strokeColor":"#000000","strokeWidth":1},{"kind":"Text","label":"4001 outside","color":"#000000","size":10,"haloColor":"#ffffff","haloWidth":1}]}]}}},
{"type":"Feature","geometry":{"type":"Point","coordinates":[3983077.4,3923423.3]},"properties":{"SETL_CODE":4001,"שם ישוב":"בוקעאתא","ריכוז":2,"reason":"kalpi point outside all neighborhoods","mismatch_type":"outside","color":"#54f2ac","style":{"name":"mismatch_style","rules":[{"name":"Mismatch","symbolizers":[{"kind":"Fill","color":"#54f2ac","opacity":0.5,"outlineColor":"#54f2ac","outlineWidth":2},{"kind":"Mark","wellKnownName":"circle","color":"#54f2ac","radius":6,"opacity":0.5,"fillOpacity":0.5,"strokeColor":"#000000","strokeWidth":1},{"kind":"Text","label":"4001 outside","color":"#000000","size":10,"haloColor":"#ffffff","haloWidth":1}]}]}}},
{"type":"Feature","geometry":{"type":"Point","coordinates":[3983077.4,3923423.3]},"properties":{"SETL_CODE":4001,"שם ישוב":"בוקעאתא","ריכוז":2,"reason":"kalpi point outside all neighborhoods","mismatch_type":"outside","color":"#54f2ac","style":{"name":"mismatch_style","rules":[{"name":"Mismatch","symbolizers":[{"kind":"Fill","color":"#54f2ac","opacity":0.5,"outlineColor":"#54f2ac","outlineWidth":2},{"kind":"Mark","wellKnownName":"circle","color":"#54f2ac","radius":6,"opacity":0.5,"fillOpacity":0.5,"strokeColor":"#000000","strokeWidth":1},{"kind":"Text","label":"4001 outside","color":"#000000","size":10,"haloColor":"#ffffff","haloWidth":1}]}]}}},
{"type":"Feature","geometry":{"type":"Point","coordinates":[3983077.4,3923423.3]},"properties":{"SETL_CODE":4001,"שם ישוב":"בוקעאתא","ריכוז":2,"reason":"kalpi point outside all neighborhoods","mismatch_type":"outside","color":"#54f2ac","style":{"name":"mismatch_style","rules":[{"name":"Mismatch","symbolizers":[{"kind":"Fill","color":"#54f2ac","opacity":0.5,"outlineColor":"#54f2ac","outlineWidth":2},{"kind":"Mark","wellKnownName":"circle","color":"#54f2ac","radius":6,"opacity":0.5,"fillOpacity":0.5,"strokeColor":"#000000","strokeWidth":1},{"kind":"Text","label":"4001 outside","color":"#000000","size":10,"haloColor":"#ffffff","haloWidth":1}]}]}}},
{"type":"Feature","geometry":{"type":"Point","coordinates":[3974707.4,3861068.5]},"properties":{"SETL_CODE":4004,"שם ישוב":"כפר חרוב","ריכוז":2,"reason":"kalpi point outside all neighborhoods","mismatch_type":"outside","color":"#f27e54","style":{"name":"mismatch_style","rules":[{"name":"Mismatch","symbolizers":[{"kind":"Fill","color":"#f27e54","opacity":0.5,"outlineColor":"#f27e54","outlineWidth":2},{"kind":"Mark","wellKnownName":"circle","color":"#f27e54","radius":6,"opacity":0.5,"fillOpacity":0.5,"strokeColor":"#000000","strokeWidth":1},{"kind":"Text","label":"4004 outside","color":"#000000","size":10,"haloColor":"#ffffff","haloWidth":1}]}]}}},
{"type":"Feature","geometry":{"type":"Point","coordinates":[3976178.9,3871124.5]},"properties":{"SETL_CODE":4022,"שם ישוב":"גשור","ריכוז":1,"reason":"kalpi point outside all neighborhoods","mismatch_type":"outside","color":"#5458f2","style":{"name":"mismatch_style","rules":[{"name":"Mismatch","symbolizers":[{"kind":"Fill","color":"#5458f2","opacity":0.5,"outlineColor":"#5458f2","outlineWidth":2},{"kind":"Mark","wellKnownName":"circle","color":"#5458f2","radius":6,"opacity":0.5,"fillOpacity":0.5,"strokeColor":"#000000","strokeWidth":1},{"kind":"Text","label":"4022 outside","color":"#000000","size":10,"haloColor":"#ffffff","haloWidth":1}]}]}}},
{"type":"Feature","geometry":{"type":"Point","coordinates":[3967425.9,3886348.2]},"properties":{"SETL_CODE":4026,"שם ישוב":"חדנס","ריכוז":1,"reason":"kalpi point outside all neighborhoods","mismatch_type":"outside","color":"#86f254","style":{"name":"mismatch_style","rules":[{"name":"Mismatch","symbolizers":[{"kind":"Fill","color":"#86f254","opacity":0.5,"outlineColor":"#86f254","outlineWidth":2},{"kind":"Mark","wellKnownName":"circle","color":"#86f254","radius":6,"opacity":0.5,"fillOpacity":0.5,"strokeColor":"#000000","strokeWidth":1},{"kind":"Text","label":"4026 outside","color":"#000000","size":10,"haloColor":"#ffffff","haloWidth":1}]}]}}},
{"type":"Feature","geometry":{"type":"Point","coordinates":[3967409.35,3886293.9]},"properties":{"SETL_CODE":4026,"שם ישוב":"חדנס","ריכוז":2,"reason":"no kalpi point for this (settlement, rikuz)","mismatch_type":"mismatch","color":"#86f254","style":{"name":"mismatch_style","rules":[{"name":"Mismatch","symbolizers":[{"kind":"Fill","color":"#86f254","opacity":0.5,"outlineColor":"#86f254","outlineWidth":2},{"kind":"Mark","wellKnownName":"circle","color":"#86f254","radius":6,"opacity":0.5,"fillOpacity":0.5,"strokeColor":"#000000","strokeWidth":1},{"kind":"Text","label":"4026 mismatch","color":"#000000","size":10,"haloColor":"#ffffff","haloWidth":1}]}]}}},
{"type":"Feature","geometry":{"type":"Point","coordinates":[3982276.6,3925701.2]},"properties":{"SETL_CODE":4203,"שם ישוב":"מסעדה","ריכוז":6,"reason":"kalpi point outside all neighborhoods","mismatch_type":"outside","color":"#f254b4","style":{"name":"mismatch_style","rules":[{"name":"Mismatch","symbolizers":[{"kind":"Fill","color":"#f254b4","opacity":0.5,"outlineColor":"#f254b4","outlineWidth":2},{"kind":"Mark","wellKnownName":"circle","color":"#f254b4","radius":6,"opacity":0.5,"fillOpacity":0.5,"strokeColor":"#000000","strokeWidth":1},{"kind":"Text","label":"4203 outside","color":"#000000","size":10,"haloColor":"#ffffff","haloWidth":1}]}]}}},
{"type":"Feature","geometry":{"type":"Point","coordinates":[3965932.1,3931293.8]},"properties":{"SETL_CODE":4501,"שם ישוב":"עגר","ריכוז":1,"reason":"kalpi point outside all neighborhoods","mismatch_type":"outside","color":"#54e2f2","style":{"name":"mismatch_style","rules":[{"name":"Mismatch","symbolizers":[{"kind":"Fill","color":"#54e2f2","opacity":0.5,"outlineColor":"#54e2f2","outlineWidth":2},{"kind":"Mark","wellKnownName":"circle","color":"#54e2f2","radius":6,"opacity":0.5,"fillOpacity":0.5,"strokeColor":"#000000","strokeWidth":1},{"kind":"Text","label":"4501 outside","color":"#000000","size":10,"haloColor":"#ffffff","haloWidth":1}]}]}}},
{"type":"Feature","geometry":{"type":"Point","coordinates":[3965932.1,3931293.8]},"properties":{"SETL_CODE":4501,"שם ישוב":"עגר","ריכוז":1,"reason":"kalpi point outside all neighborhoods","mismatch_type":"outside","color":"#54e2f2","style":{"name":"mismatch_style","rules":[{"name":"Mismatch","symbolizers":[{"kind":"Fill","color":"#54e2f2","opacity":0.5,"outlineColor":"#54e2f2","outlineWidth":2},{"kind":"Mark","wellKnownName":"circle","color":"#54e2f2","radius":6,"opacity":0.5,"fillOpacity":0.5,"strokeColor":"#000000","strokeWidth":1},{"kind":"Text","label":"4501 outside","color":"#000000","size":10,"haloColor":"#ffffff","haloWidth":1}]}]}}},
{"type":"Feature","geometry":{"type":"Point","coordinates":[3965932.1,3931293.8]},"properties":{"SETL_CODE":4501,"שם ישוב":"עגר","ריכוז":1,"reason":"kalpi point outside all neighborhoods","mismatch_type":"outside","color":"#54e2f2","style":{"name":"mismatch_style","rules":[{"name":"Mismatch","symbolizers":[{"kind":"Fill","color":"#54e2f2","opacity":0.5,"outlineColor":"#54e2f2","outlineWidth":2},{"kind":"Mark","wellKnownName":"circle","color":"#54e2f2","radius":6,"opacity":0.5,"fillOpacity":0.5,"strokeColor":"#000000","strokeWidth":1},{"kind":"Text","label":"4501 outside","color":"#000000","size":10,"haloColor":"#ffffff","haloWidth":1}]}]}}},
{"type":"Feature","geometry":{"type":"Point","coordinates":[3873281.928169014,3774213.823943662]},"properties":{"SETL_CODE":5000,"שם ישוב":"תל אביב  יפו","ריכוז":29,"reason":"no kalpi point for this (settlement, rikuz)","mismatch_type":"mismatch","color":"#f2d454","style":{"name":"mismatch_style","rules":[{"name":"Mismatch","symbolizers":[{"kind":"Fill","color":"#f2d454","opacity":0.5,"outlineColor":"#f2d454","outlineWidth":2},{"kind":"Mark","wellKnownName":"circle","color":"#f2d454","radius":6,"opacity":0.5,"fillOpacity":0.5,"strokeColor":"#000000","strokeWidth":1},{"kind":"Text","label":"5000 mismatch","color":"#000000","size":10,"haloColor":"#ffffff","haloWidth":1}]}]}}},
{"type":"Feature","geometry":{"type":"Point","coordinates":[3873281.928169014,3774213.823943662]},"properties":{"SETL_CODE":5000,"שם ישוב":"תל אביב  יפו","ריכוז":222,"reason":"no kalpi point for this (settlement, rikuz)","mismatch_type":"mismatch","color":"#f2d454","style":{"name":"mismatch_style","rules":[{"name":"Mismatch","symbolizers":[{"kind":"Fill","color":"#f2d454","opacity":0.5,"outlineColor":"#f2d454","outlineWidth":2},{"kind":"Mark","wellKnownName":"circle","color":"#f2d454","radius":6,"opacity":0.5,"fillOpacity":0.5,"strokeColor":"#000000","strokeWidth":1},{"kind":"Text","label":"5000 mismatch","color":"#000000","size":10,"haloColor":"#ffffff","haloWidth":1}]}]}}},
{"type":"Feature","geometry":{"type":"Point","coordinates":[3875080.284615385,3772835.957692308]},"properties":{"SETL_CODE":6300,"שם ישוב":"גבעתיים","ריכוז":18,"reason":"no kalpi point for this (settlement, rikuz)","mismatch_type":"mismatch","color":"#a654f2","style":{"name":"mismatch_style","rules":[{"name":"Mismatch","symbolizers":[{"kind":"Fill","color":"#a654f2","opacity":0.5,"outlineColor":"#a654f2","outlineWidth":2},{"kind":"Mark","wellKnownName":"circle","color":"#a654f2","radius":6,"opacity":0.5,"fillOpacity":0.5,"strokeColor":"#000000","strokeWidth":1},{"kind":"Text","label":"6300 mismatch","color":"#000000","size":10,"haloColor":"#ffffff","haloWidth":1}]}]}}},
{"type":"Feature","geometry":{"type":"Point","coordinates":[3875080.284615385,3772835.957692308]},"properties":{"SETL_CODE":6300,"שם ישוב":"גבעתיים","ריכוז":53,"reason":"no kalpi point for this (settlement, rikuz)","mismatch_type":"mismatch","color":"#a654f2","style":{"name":"mismatch_style","rules":[{"name":"Mismatch","symbolizers":[{"kind":"Fill","color":"#a654f2","opacity":0.5,"outlineColor":"#a654f2","outlineWidth":2},{"kind":"Mark","wellKnownName":"circle","color":"#a654f2","radius":6,"opacity":0.5,"fillOpacity":0.5,"strokeColor":"#000000","strokeWidth":1},{"kind":"Text","label":"6300 mismatch","color":"#000000","size":10,"haloColor":"#ffffff","haloWidth":1}]}]}}},
{"type":"Feature","geometry":{"type":"Point","coordinates":[3908183.594736842,3869580.444736842]},"properties":{"SETL_CODE":6800,"שם ישוב":"קרית אתא","ריכוז":32,"reason":"no kalpi point for this (settlement, rikuz)","mismatch_type":"mismatch","color":"#54f278","style":{"name":"mismatch_style","rules":[{"name":"Mismatch","symbolizers":[{"kind":"Fill","color":"#54f278","opacity":0.5,"outlineColor":"#54f278","outlineWidth":2},{"kind":"Mark","wellKnownName":"circle","color":"#54f278","radius":6,"opacity":0.5,"fillOpacity":0.5,"strokeColor":"#000000","strokeWidth":1},{"kind":"Text","label":"6800 mismatch","color":"#000000","size":10,"haloColor":"#ffffff","haloWidth":1}]}]}}},
{"type":"Feature","geometry":{"type":"Point","coordinates":[3908183.594736842,3869580.444736842]},"properties":{"SETL_CODE":6800,"שם ישוב":"קרית אתא","ריכוז":73,"reason":"no kalpi point for this (settlement, rikuz)","mismatch_type":"mismatch","color":"#54f278","style":{"name":"mismatch_style","rules":[{"name":"Mismatch","symbolizers":[{"kind":"Fill","color":"#54f278","opacity":0.5,"outlineColor":"#54f278","outlineWidth":2},{"kind":"Mark","wellKnownName":"circle","color":"#54f278","radius":6,"opacity":0.5,"fillOpacity":0.5,"strokeColor":"#000000","strokeWidth":1},{"kind":"Text","label":"6800 mismatch","color":"#000000","size":10,"haloColor":"#ffffff","haloWidth":1}]}]}}},
{"type":"Feature","geometry":{"type":"Point","coordinates":[3908183.594736842,3869580.444736842]},"properties":{"SETL_CODE":6800,"שם ישוב":"קרית אתא","ריכוז":81,"reason":"no kalpi point for this (settlement, rikuz)","mismatch_type":"mismatch","color":"#54f278","style":{"name":"mismatch_style","rules":[{"name":"Mismatch","symbolizers":[{"kind":"Fill","color":"#54f278","opacity":0.5,"outlineColor":"#54f278","outlineWidth":2},{"kind":"Mark","wellKnownName":"circle","color":"#54f278","radius":6,"opacity":0.5,"fillOpacity":0.5,"strokeColor":"#000000","strokeWidth":1},{"kind":"Text","label":"6800 mismatch","color":"#000000","size":10,"haloColor":"#ffffff","haloWidth":1}]}]}}},
{"type":"Feature","geometry":{"type":"Point","coordinates":[3908183.594736842,3869580.444736842]},"properties":{"SETL_CODE":6800,"שם ישוב":"קרית אתא","ריכוז":83,"reason":"no kalpi point for this (settlement, rikuz)","mismatch_type":"mismatch","color":"#54f278","style":{"name":"mismatch_style","rules":[{"name":"Mismatch","symbolizers":[{"kind":"Fill","color":"#54f278","opacity":0.5,"outlineColor":"#54f278","outlineWidth":2},{"kind":"Mark","wellKnownName":"circle","color":"#54f278","radius":6,"opacity":0.5,"fillOpacity":0.5,"strokeColor":"#000000","strokeWidth":1},{"kind":"Text","label":"6800 mismatch","color":"#000000","size":10,"haloColor":"#ffffff","haloWidth":1}]}]}}},
{"type":"Feature","geometry":{"type":"Point","coordinates":[3908183.594736842,3869580.444736842]},"properties":{"SETL_CODE":6800,"שם ישוב":"קרית אתא","ריכוז":84,"reason":"no kalpi point for this (settlement, rikuz)","mismatch_type":"mismatch","color":"#54f278","style":{"name":"mismatch_style","rules":[{"name":"Mismatch","symbolizers":[{"kind":"Fill","color":"#54f278","opacity":0.5,"outlineColor":"#54f278","outlineWidth":2},{"kind":"Mark","wellKnownName":"circle","color":"#54f278","radius":6,"opacity":0.5,"fillOpacity":0.5,"strokeColor":"#000000","strokeWidth":1},{"kind":"Text","label":"6800 mismatch","color":"#000000","size":10,"haloColor":"#ffffff","haloWidth":1}]}]}}},
{"type":"Feature","geometry":{"type":"Point","coordinates":[3674840.5,3006754.1]},"properties":{"SETL_CODE":6800,"שם ישוב":"קרית אתא","ריכוז":88,"reason":"kalpi point outside all neighborhoods","mismatch_type":"outside","color":"#54f278","style":{"name":"mismatch_style","rules":[{"name":"Mismatch","symbolizers":[{"kind":"Fill","color":"#54f278","opacity":0.5,"outlineColor":"#54f278","outlineWidth":2},{"kind":"Mark","wellKnownName":"circle","color":"#54f278","radius":6,"opacity":0.5,"fillOpacity":0.5,"strokeColor":"#000000","strokeWidth":1},{"kind":"Text","label":"6800 outside","color":"#000000","size":10,"haloColor":"#ffffff","haloWidth":1}]}]}}},
{"type":"Feature","geometry":{"type":"Point","coordinates":[3883951.175531915,3756812.989361702]},"properties":{"SETL_CODE":7000,"שם ישוב":"לוד","ריכוז":41,"reason":"no kalpi point for this (settlement, rikuz)","mismatch_type":"mismatch","color":"#f2545f","style":{"name":"mismatch_style","rules":[{"name":"Mismatch","symbolizers":[{"kind":"Fill","color":"#f2545f","opacity":0.5,"outlineColor":"#f2545f","outlineWidth":2},{"kind":"Mark","wellKnownName":"circle","color":"#f2545f","radius":6,"opacity":0.5,"fillOpacity":0.5,"strokeColor":"#000000","strokeWidth":1},{"kind":"Text","label":"7000 mismatch","color":"#000000","size":10,"haloColor":"#ffffff","haloWidth":1}]}]}}},
{"type":"Feature","geometry":{"type":"Point","coordinates":[3883951.175531915,3756812.989361702]},"properties":{"SETL_CODE":7000,"שם ישוב":"לוד","ריכוז":47,"reason":"no kalpi point for this (settlement, rikuz)","mismatch_type":"mismatch","color":"#f2545f","style":{"name":"mismatch_style","rules":[{"name":"Mismatch","symbolizers":[{"kind":"Fill","color":"#f2545f","opacity":0.5,"outlineColor":"#f2545f","outlineWidth":2},{"kind":"Mark","wellKnownName":"circle","color":"#f2545f","radius":6,"opacity":0.5,"fillOpacity":0.5,"strokeColor":"#000000","strokeWidth":1},{"kind":"Text","label":"7000 mismatch","color":"#000000","size":10,"haloColor":"#ffffff","haloWidth":1}]}]}}},
{"type":"Feature","geometry":{"type":"Point","coordinates":[3883951.175531915,3756812.989361702]},"properties":{"SETL_CODE":7000,"שם ישוב":"לוד","ריכוז":48,"reason":"no kalpi point for this (settlement, rikuz)","mismatch_type":"mismatch","color":"#f2545f","style":{"name":"mismatch_style","rules":[{"name":"Mismatch","symbolizers":[{"kind":"Fill","color":"#f2545f","opacity":0.5,"outlineColor":"#f2545f","outlineWidth":2},{"kind":"Mark","wellKnownName":"circle","color":"#f2545f","radius":6,"opacity":0.5,"fillOpacity":0.5,"strokeColor":"#000000","strokeWidth":1},{"kind":"Text","label":"7000 mismatch","color":"#000000","size":10,"haloColor":"#ffffff","haloWidth":1}]}]}}},
{"type":"Feature","geometry":{"type":"Point","coordinates":[3880612.146153846,3803944.6987179485]},"properties":{"SETL_CODE":7400,"שם ישוב":"נתניה","ריכוז":173,"reason":"no kalpi point for this (settlement, rikuz)","mismatch_type":"mismatch","color":"#548df2","style":{"name":"mismatch_style","rules":[{"name":"Mismatch","symbolizers":[{"kind":"Fill","color":"#548df2","opacity":0.5,"outlineColor":"#548df2","outlineWidth":2},{"kind":"Mark","wellKnownName":"circle","color":"#548df2","radius":6,"opacity":0.5,"fillOpacity":0.5,"strokeColor":"#000000","strokeWidth":1},{"kind":"Text","label":"7400 mismatch","color":"#000000","size":10,"haloColor":"#ffffff","haloWidth":1}]}]}}},
{"type":"Feature","geometry":{"type":"Point","coordinates":[3905645.4529411765,3885940.7676470587]},"properties":{"SETL_CODE":7600,"שם ישוב":"עכו","ריכוז":15,"reason":"no kalpi point for this (settlement, rikuz)","mismatch_type":"mismatch","color":"#bbf254","style":{"name":"mismatch_style","rules":[{"name":"Mismatch","symbolizers":[{"kind":"Fill","color":"#bbf254","opacity":0.5,"outlineColor":"#bbf254","outlineWidth":2},{"kind":"Mark","wellKnownName":"circle","color":"#bbf254","radius":6,"opacity":0.5,"fillOpacity":0.5,"strokeColor":"#000000","strokeWidth":1},{"kind":"Text","label":"7600 mismatch","color":"#000000","size":10,"haloColor":"#ffffff","haloWidth":1}]}]}}},
{"type":"Feature","geometry":{"type":"Point","coordinates":[3905645.4529411765,3885940.7676470587]},"properties":{"SETL_CODE":7600,"שם ישוב":"עכו","ריכוז":115,"reason":"no kalpi point for this (settlement, rikuz)","mismatch_type":"mismatch","color":"#bbf254","style":{"name":"mismatch_style","rules":[{"name":"Mismatch","symbolizers":[{"kind":"Fill","color":"#bbf254","opacity":0.5,"outlineColor":"#bbf254","outlineWidth":2},{"kind":"Mark","wellKnownName":"circle","color":"#bbf254","radius":6,"opacity":0.5,"fillOpacity":0.5,"strokeColor":"#000000","strokeWidth":1},{"kind":"Text","label":"7600 mismatch","color":"#000000","size":10,"haloColor":"#ffffff","haloWidth":1}]}]}}},
{"type":"Feature","geometry":{"type":"Point","coordinates":[3883619.701190476,3774845.4690476186]},"properties":{"SETL_CODE":7900,"שם ישוב":"פתח תקווה","ריכוז":134,"reason":"no kalpi point for this (settlement, rikuz)","mismatch_type":"mismatch","color":"#f254e9","style":{"name":"mismatch_style","rules":[{"name":"Mismatch","symbolizers":[{"kind":"Fill","color":"#f254e9","opacity":0.5,"outlineColor":"#f254e9","outlineWidth":2},{"kind":"Mark","wellKnownName":"circle","color":"#f254e9","radius":6,"opacity":0.5,"fillOpacity":0.5,"strokeColor":"#000000","strokeWidth":1},{"kind":"Text","label":"7900 mismatch","color":"#000000","size":10,"haloColor":"#ffffff","haloWidth":1}]}]}}},
{"type":"Feature","geometry":{"type":"Point","coordinates":[3951969.3055555555,3890548.5944444444]},"properties":{"SETL_CODE":8000,"שם ישוב":"צפת","ריכוז":23,"reason":"no kalpi point for this (settlement, rikuz)","mismatch_type":"mismatch","color":"#54f2cd","style":{"name":"mismatch_style","rules":[{"name":"Mismatch","symbolizers":[{"kind":"Fill","color":"#54f2cd","opacity":0.5,"outlineColor":"#54f2cd","outlineWidth":2},{"kind":"Mark","wellKnownName":"circle","color":"#54f2cd","radius":6,"opacity":0.5,"fillOpacity":0.5,"strokeColor":"#000000","strokeWidth":1},{"kind":"Text","label":"8000 mismatch","color":"#000000","size":10,"haloColor":"#ffffff","haloWidth":1}]}]}}},
{"type":"Feature","geometry":{"type":"Point","coordinates":[3905416.34,3874665.5799999996]},"properties":{"SETL_CODE":8200,"שם ישוב":"קרית מוצקין","ריכוז":25,"reason":"no kalpi point for this (settlement, rikuz)","mismatch_type":"mismatch","color":"#f29f54","style":{"name":"mismatch_style","rules":[{"name":"Mismatch","symbolizers":[{"kind":"Fill","color":"#f29f54","opacity":0.5,"outlineColor":"#f29f54","outlineWidth":2},{"kind":"Mark","wellKnownName":"circle","color":"#f29f54","radius":6,"opacity":0.5,"fillOpacity":0.5,"strokeColor":"#000000","strokeWidth":1},{"kind":"Text","label":"8200 mismatch","color":"#000000","size":10,"haloColor":"#ffffff","haloWidth":1}]}]}}},
{"type":"Feature","geometry":{"type":"Point","coordinates":[3881615.2574074077,3753869.531481481]},"properties":{"SETL_CODE":8500,"שם ישוב":"רמלה","ריכוז":42,"reason":"no kalpi point for this (settlement, rikuz)","mismatch_type":"mismatch","color":"#7154f2","style":{"name":"mismatch_style","rules":[{"name":"Mismatch","symbolizers":[{"kind":"Fill","color":"#7154f2","opacity":0.5,"outlineColor":"#7154f2","outlineWidth":2},{"kind":"Mark","wellKnownName":"circle","color":"#7154f2","radius":6,"opacity":0.5,"fillOpacity":0.5,"strokeColor":"#000000","strokeWidth":1},{"kind":"Text","label":"8500 mismatch","color":"#000000","size":10,"haloColor":"#ffffff","haloWidth":1}]}]}}},
{"type":"Feature","geometry":{"type":"Point","coordinates":[3907624.1300000004,3897360.7233333336]},"properties":{"SETL_CODE":9100,"שם ישוב":"נהריה","ריכוז":44,"reason":"no kalpi point for this (settlement, rikuz)","mismatch_type":"mismatch","color":"#66f254","style":{"name":"mismatch_style","rules":[{"name":"Mismatch","symbolizers":[{"kind":"Fill","color":"#66f254","opacity":0.5,"outlineColor":"#66f254","outlineWidth":2},{"kind":"Mark","wellKnownName":"circle","color":"#66f254","radius":6,"opacity":0.5,"fillOpacity":0.5,"strokeColor":"#000000","strokeWidth":1},{"kind":"Text","label":"9100 mismatch","color":"#000000","size":10,"haloColor":"#ffffff","haloWidth":1}]}]}}},
{"type":"Feature","geometry":{"type":"Point","coordinates":[3907624.1300000004,3897360.7233333336]},"properties":{"SETL_CODE":9100,"שם ישוב":"נהריה","ריכוז":57,"reason":"no kalpi point for this (settlement, rikuz)","mismatch_type":"mismatch","color":"#66f254","style":{"name":"mismatch_style","rules":[{"name":"Mismatch","symbolizers":[{"kind":"Fill","color":"#66f254","opacity":0.5,"outlineColor":"#66f254","outlineWidth":2},{"kind":"Mark","wellKnownName":"circle","color":"#66f254","radius":6,"opacity":0.5,"fillOpacity":0.5,"strokeColor":"#000000","strokeWidth":1},{"kind":"Text","label":"9100 mismatch","color":"#000000","size":10,"haloColor":"#ffffff","haloWidth":1}]}]}}},
{"type":"Feature","geometry":{"type":"Point","coordinates":[3883950.9439999997,3783182.32]},"properties":{"SETL_CODE":9700,"שם ישוב":"הוד השרון","ריכוז":29,"reason":"no kalpi point for this (settlement, rikuz)","mismatch_type":"mismatch","color":"#f25494","style":{"name":"mismatch_style","rules":[{"name":"Mismatch","symbolizers":[{"kind":"Fill","color":"#f25494","opacity":0.5,"outlineColor":"#f25494","outlineWidth":2},{"kind":"Mark","wellKnownName":"circle","color":"#f25494","radius":6,"opacity":0.5,"fillOpacity":0.5,"strokeColor":"#000000","strokeWidth":1},{"kind":"Text","label":"9700 mismatch","color":"#000000","size":10,"haloColor":"#ffffff","haloWidth":1}]}]}}}
]}
